id, consumer_id, product_id, amount
7, 4746, 336, 7
28, 4746, 1079, 9
42, 4746, 1336, 2
45, 4746, 864, 8
72, 4746, 1157, 4
87, 4746, 226, 7
129, 22570, 476, 4
149, 22570, 49, 2
164, 22570, 942, 4
209, 22570, 1446, 2
251, 22570, 817, 2
278, 22570, 1184, 3
297, 13048, 1643, 8
334, 15021, 1487, 1
337, 15021, 1680, 7
362, 15021, 817, 5
372, 15021, 535, 5
405, 15021, 549, 6
438, 9075, 226, 6
460, 9075, 894, 4
478, 9075, 728, 4
502, 10103, 586, 4
532, 10103, 807, 2
559, 10103, 1355, 9
593, 10103, 1116, 7
601, 10103, 157, 6
640, 10103, 251, 6
676, 20193, 1079, 8
708, 20193, 220, 1
750, 20193, 989, 9
789, 5451, 157, 0
811, 5451, 817, 1
860, 5451, 936, 5
901, 5451, 817, 6
944, 5451, 1460, 3
983, 5815, 415, 4
994, 5815, 974, 9
999, 5815, 429, 7
1048, 5815, 894, 2
1069, 5815, 1003, 9
1080, 10401, 1157, 7
1096, 19886, 1022, 7
1111, 19886, 336, 3
1152, 19886, 1714, 9
1168, 19886, 1439, 5
1204, 20494, 476, 1
1224, 20494, 864, 6
1259, 20494, 1120, 0
1305, 20494, 989, 8
1323, 18281, 989, 2
1371, 18281, 513, 1
1371, 18281, 49, 1
1396, 18281, 1643, 7
1420, 18281, 447, 7
1427, 23163, 1305, 8
1466, 23163, 383, 1
1468, 23163, 822, 2
1506, 23163, 1714, 9
1543, 16707, 1393, 6
1581, 16707, 1561, 5
1629, 16707, 936, 4
1634, 15221, 1273, 2
1639, 15221, 776, 5
1645, 15221, 415, 7
1661, 15221, 49, 1
1680, 15221, 1231, 6
1708, 15221, 467, 8
1745, 22326, 1022, 3
1789, 20662, 586, 3
1794, 20662, 162, 5
1802, 20662, 822, 4
1820, 20662, 467, 1
1859, 17561, 1596, 7
1874, 17561, 1355, 7
1899, 17561, 1439, 2
1915, 17561, 635, 9
1921, 17561, 1355, 6
1946, 17561, 535, 9
1948, 791, 776, 4
1977, 791, 226, 6
2006, 791, 635, 8
2027, 791, 383, 0
2037, 4895, 1231, 1
2052, 4895, 989, 7
2057, 4895, 989, 2
2071, 4895, 513, 2
2090, 9642, 1680, 6
2114, 9642, 942, 5
2118, 9642, 776, 5
2133, 9642, 383, 2
2139, 9642, 220, 9
2183, 9642, 1273, 1
2221, 9642, 1439, 2
2265, 226, 513, 1
2273, 226, 467, 6
2278, 226, 443, 4
2296, 226, 535, 8
2297, 5708, 1041, 1
2309, 5708, 1714, 7
2320, 5708, 817, 7
2320, 5708, 535, 7
2361, 5708, 942, 3
2383, 5708, 1116, 5
2429, 5708, 49, 0
2443, 2747, 1003, 1
2479, 2747, 1336, 6
2512, 2747, 822, 2
2535, 15246, 1279, 1
2564, 15689, 1680, 7
2608, 15689, 1460, 9
2627, 15689, 162, 8
2667, 15689, 49, 0
2694, 7259, 443, 1
2696, 23097, 1157, 7
2703, 23097, 1030, 8
2736, 23097, 974, 7
2766, 23097, 336, 9
2766, 23097, 1564, 3
2769, 23097, 157, 9
2770, 11102, 1030, 2
2776, 11102, 1079, 4
2790, 11102, 822, 6
2798, 11102, 1079, 5
2826, 11102, 1231, 1
2859, 11102, 189, 7
2859, 11102, 162, 7
2879, 6913, 1079, 5
2894, 6913, 1460, 8
2937, 6913, 936, 3
2945, 6913, 1439, 4
2956, 6913, 1446, 6
2962, 23250, 1079, 8
2987, 23250, 989, 1
3003, 23250, 1714, 5
3025, 23250, 586, 7
3043, 23250, 1714, 1
3053, 23250, 1095, 6
3087, 4830, 1003, 9
3094, 4830, 1095, 6
3121, 22414, 1564, 3
3168, 22414, 513, 1
3213, 22414, 136, 0
3255, 4496, 1355, 5
3266, 19434, 1231, 3
3271, 19434, 188, 8
3278, 19434, 467, 4
3281, 19434, 1439, 3
3321, 19434, 1231, 3
3327, 4130, 1030, 5
3353, 4130, 1120, 7
3380, 4130, 1279, 8
3422, 4130, 132, 2
3434, 4130, 1022, 0
3449, 8408, 136, 4
3467, 8408, 1305, 6
3474, 8408, 864, 4
3484, 8408, 728, 0
3504, 8408, 1393, 0
3519, 8408, 136, 2
3534, 11206, 220, 8
3552, 11206, 1714, 4
3563, 11206, 189, 7
3581, 15719, 132, 8
3585, 15719, 822, 6
3612, 15719, 188, 7
3656, 20032, 1714, 7
3667, 20032, 476, 5
3694, 20032, 513, 0
3699, 20032, 1446, 1
3747, 20032, 1143, 2
3774, 20871, 473, 8
3801, 20871, 1439, 6
3841, 20871, 226, 0
3848, 20871, 535, 2
3896, 20871, 974, 7
3926, 20871, 1446, 3
3937, 20871, 776, 8
3945, 184, 1529, 7
3962, 184, 132, 3
3980, 184, 1184, 6
3992, 184, 189, 9
4019, 13128, 1431, 7
4046, 13128, 942, 5
4061, 13128, 681, 5
4094, 13128, 1143, 4
4103, 13128, 728, 8
4148, 13128, 974, 2
4172, 10244, 1431, 3
4187, 1406, 1431, 2
4233, 1406, 817, 4
4270, 1406, 1273, 5
4291, 1406, 681, 3
4320, 4109, 864, 9
4347, 4109, 1184, 7
4360, 4109, 822, 1
4376, 4109, 535, 0
4402, 4109, 1564, 1
4429, 4109, 157, 8
4459, 11945, 162, 4
4495, 11945, 1434, 2
4525, 20162, 822, 5
4561, 20162, 189, 0
4580, 20162, 728, 1
4600, 20162, 549, 5
4626, 20162, 1439, 7
4629, 20162, 132, 6
4649, 20162, 1022, 1
4696, 14566, 1564, 1
4729, 14566, 1041, 1
4762, 14566, 681, 0
4774, 14566, 1439, 7
4813, 14566, 1116, 4
4819, 14566, 1529, 8
4852, 21976, 1304, 4
4878, 21976, 513, 4
4913, 21976, 1434, 1
4938, 21976, 1431, 5
4963, 14168, 188, 4
5006, 14168, 1446, 4
5053, 14168, 383, 6
5064, 7632, 1079, 5
5097, 7632, 473, 8
5122, 7632, 162, 0
5122, 7632, 1355, 5
5138, 7632, 1336, 9
5161, 13305, 415, 6
5164, 13305, 188, 1
5209, 13305, 1022, 4
5219, 13305, 188, 9
5220, 13305, 1079, 8
5266, 13305, 822, 3
5314, 20345, 1529, 0
5347, 20345, 864, 0
5389, 20345, 132, 4
5419, 21336, 549, 2
5463, 21336, 189, 9
5470, 21336, 1116, 6
5483, 8901, 513, 1
5526, 8901, 681, 8
5550, 8901, 226, 3
5575, 8901, 1095, 6
5580, 8901, 1393, 1
5590, 8901, 162, 7
5605, 7378, 1120, 3
5617, 7378, 336, 2
5627, 7378, 817, 2
5665, 21171, 635, 8
5691, 21171, 513, 7
5700, 17272, 162, 9
5715, 21109, 1279, 3
5753, 6336, 294, 4
5778, 6336, 1355, 7
5810, 6336, 447, 6
5825, 6336, 447, 1
5843, 6336, 1041, 0
5847, 12404, 226, 1
5862, 12404, 1116, 6
5877, 12404, 467, 6
5881, 12404, 1305, 2
5890, 12404, 162, 3
5913, 12404, 822, 2
5929, 12404, 817, 0
5971, 8975, 1022, 3
5979, 8975, 189, 2
6009, 8975, 1184, 1
6022, 5095, 1439, 1
6049, 5501, 1273, 3
6067, 5501, 1157, 0
6091, 5501, 1487, 2
6108, 5501, 1487, 9
6146, 5501, 549, 6
6147, 5501, 443, 6
6160, 10417, 1564, 0
6204, 10417, 1336, 5
6253, 10417, 989, 0
6296, 10417, 1304, 8
6314, 10417, 535, 8
6347, 10417, 1184, 8
6355, 2613, 1643, 0
6355, 2613, 473, 9
6385, 2613, 162, 2
6393, 506, 586, 4
6426, 506, 1561, 7
6441, 506, 535, 9
6460, 506, 513, 6
6485, 6748, 513, 2
6502, 6748, 817, 5
6503, 6748, 1116, 6
6550, 6748, 91, 4
6580, 6748, 1041, 0
6599, 9799, 1184, 3
6631, 9799, 1157, 5
6634, 9799, 1680, 1
6642, 9799, 989, 0
6681, 9799, 535, 2
6710, 6598, 383, 4
6718, 6598, 251, 4
6748, 6598, 447, 6
6760, 6598, 1446, 7
6791, 7441, 942, 9
6813, 7441, 157, 2
6833, 7441, 336, 8
6834, 7441, 1022, 7
6842, 5600, 549, 0
6851, 5600, 162, 3
6870, 5600, 1439, 0
6888, 22354, 1714, 6
6914, 22354, 188, 0
6961, 3254, 443, 0
6987, 6158, 467, 4
7030, 6158, 586, 9
7047, 6158, 447, 7
7085, 22826, 549, 5
7113, 22826, 535, 5
7126, 22826, 942, 1
7133, 22826, 49, 0
7163, 8476, 864, 6
7187, 8476, 1022, 5
7191, 8476, 989, 0
7239, 8476, 1487, 1
7242, 8476, 1446, 8
7262, 8476, 535, 1
7286, 8086, 1434, 2
7301, 8086, 226, 4
7307, 8086, 1564, 1
7310, 8086, 1116, 7
7332, 12670, 1304, 8
7371, 12670, 1304, 5
7376, 18056, 49, 6
7394, 18056, 1336, 5
7397, 18056, 1643, 8
7416, 18056, 1434, 1
7416, 18056, 681, 7
7459, 18056, 188, 2
7493, 465, 1355, 2
7524, 465, 1273, 0
7566, 20050, 1561, 2
7588, 20050, 989, 2
7599, 3256, 1355, 5
7632, 15980, 1231, 7
7652, 15980, 1596, 0
7691, 15980, 1680, 1
7696, 5278, 1095, 0
7731, 5278, 429, 6
7754, 5278, 549, 3
7764, 5278, 1079, 8
7768, 19975, 415, 6
7792, 854, 1157, 3
7793, 854, 1596, 5
7817, 854, 989, 3
7834, 854, 136, 6
7878, 854, 1643, 0
7923, 11800, 1393, 8
7955, 11800, 1336, 3
7994, 11800, 443, 4
8005, 11800, 1460, 2
8021, 11800, 220, 9
8046, 11800, 1079, 2
8047, 11800, 1143, 3
8092, 6312, 1336, 7
8122, 6312, 226, 7
8165, 6312, 1304, 6
8199, 6312, 1304, 0
8210, 6312, 1120, 2
8224, 20090, 1561, 6
8225, 20090, 1460, 2
8257, 8209, 1529, 5
8258, 15300, 1355, 2
8292, 15300, 1143, 8
8335, 14211, 635, 7
8378, 14211, 188, 4
8406, 21591, 728, 1
8437, 21591, 1393, 2
8474, 21591, 188, 6
8506, 21591, 549, 9
8554, 21090, 1120, 8
8574, 21686, 535, 4
8588, 21686, 294, 8
8617, 21686, 188, 3
8620, 21686, 443, 2
8626, 21686, 251, 9
8669, 21686, 91, 4
8684, 3183, 1079, 7
8702, 3183, 1041, 9
8707, 3183, 817, 0
8711, 3183, 1143, 8
8740, 17925, 776, 3
8758, 5969, 1564, 9
8761, 5969, 1305, 0
8808, 16709, 681, 3
8842, 16709, 1273, 0
8843, 16709, 415, 8
8861, 16709, 1079, 4
8904, 10967, 1561, 7
8947, 10967, 549, 4
8977, 10967, 586, 3
8990, 10967, 1030, 9
9021, 10967, 974, 1
9037, 10967, 429, 1
9073, 22265, 1529, 5
9080, 22265, 586, 4
9085, 22265, 1355, 9
9115, 22265, 936, 5
9155, 22265, 1431, 0
9204, 11220, 188, 5
9227, 11220, 220, 7
9255, 11220, 1439, 7
9287, 11220, 817, 8
9333, 3158, 1336, 9
9342, 3158, 1596, 6
9360, 3158, 635, 0
9368, 3158, 936, 4
9372, 20479, 822, 4
9378, 5180, 1460, 1
9424, 19081, 1434, 9
9427, 19081, 1305, 8
9456, 19081, 1643, 9
9457, 19081, 1564, 1
9474, 19081, 989, 8
9510, 19081, 132, 0
9527, 19081, 936, 4
9535, 12621, 189, 8
9537, 12621, 1714, 3
9538, 12621, 822, 6
9563, 12621, 1439, 9
9610, 17591, 476, 4
9646, 17591, 728, 1
9652, 17591, 1561, 5
9692, 17591, 1030, 1
9731, 17591, 447, 2
9753, 17591, 1041, 8
9792, 8820, 473, 9
9826, 8820, 91, 2
9857, 8820, 443, 7
9876, 8820, 447, 9
9879, 8820, 157, 8
9912, 8820, 1231, 2
9958, 8820, 383, 4
10003, 7027, 1304, 2
10048, 13973, 1714, 9
10068, 13973, 894, 9
10111, 5750, 549, 3
10123, 5750, 1336, 5
10129, 5750, 1030, 4
10160, 5750, 188, 1
10205, 5750, 220, 7
10240, 161, 1305, 4
10273, 161, 1157, 8
10321, 161, 132, 6
10367, 161, 1529, 6
10400, 161, 294, 6
10433, 161, 586, 5
10444, 161, 226, 9
10453, 1050, 49, 4
10478, 1050, 942, 8
10499, 6957, 443, 6
10535, 6957, 1434, 8
10574, 6957, 974, 3
10599, 6957, 1564, 4
10618, 6957, 443, 8
10646, 6957, 429, 8
10676, 9913, 294, 4
10709, 9913, 189, 0
10725, 9913, 681, 9
10754, 9913, 776, 6
10770, 9913, 1680, 0
10802, 20944, 974, 4
10848, 20944, 49, 5
10850, 20944, 1279, 0
10887, 20944, 1116, 7
10915, 20944, 936, 2
10949, 20944, 1643, 4
10973, 20944, 1439, 1
11022, 22017, 817, 2
11051, 22017, 473, 1
11073, 22017, 586, 0
11114, 22017, 1304, 9
11115, 22017, 1030, 1
11123, 653, 1120, 0
11146, 653, 894, 9
11189, 653, 974, 8
11218, 653, 1116, 9
11240, 653, 1041, 4
11262, 14602, 535, 5
11290, 14602, 1714, 3
11296, 14602, 1487, 2
11304, 14602, 1305, 7
11328, 14602, 1434, 7
11345, 14602, 936, 0
11380, 8285, 443, 5
11400, 8285, 1529, 0
11435, 8285, 1022, 4
11476, 15349, 1439, 3
11503, 15923, 681, 3
11511, 9400, 1680, 5
11550, 9400, 942, 1
11592, 9400, 157, 8
11641, 9400, 817, 7
11655, 9400, 447, 4
11673, 14899, 681, 3
11677, 14899, 1355, 2
11682, 14899, 989, 4
11718, 14899, 336, 1
11744, 14135, 188, 7
11769, 13064, 1561, 1
11785, 13064, 1487, 6
11799, 13064, 1116, 8
11808, 13064, 1439, 1
11839, 13064, 1529, 9
11864, 13064, 1157, 3
11908, 13064, 586, 0
11915, 3441, 535, 9
11938, 3441, 1487, 5
11951, 3441, 1304, 8
11952, 3441, 822, 3
11992, 1319, 894, 2
12010, 1319, 1116, 2
12025, 1319, 429, 0
12042, 1319, 1393, 2
12053, 1319, 336, 7
12093, 1319, 1336, 9
12094, 1319, 1030, 1
12136, 226, 1022, 7
12168, 226, 1022, 8
12175, 226, 1487, 1
12198, 226, 1529, 5
12206, 226, 513, 7
12221, 226, 974, 4
12237, 22706, 1431, 6
12267, 22706, 189, 4
12292, 22706, 443, 7
12306, 278, 864, 6
12329, 278, 1431, 3
12337, 278, 989, 1
12345, 278, 942, 8
12378, 9773, 49, 9
12391, 9773, 936, 6
12403, 24160, 681, 6
12410, 24160, 1393, 5
12438, 24160, 157, 7
12477, 24160, 188, 7
12524, 24160, 132, 0
12524, 23171, 1680, 9
12554, 23171, 132, 1
12603, 23171, 1079, 2
12604, 23171, 1336, 1
12636, 23171, 1003, 6
12656, 23171, 817, 8
12656, 17642, 188, 3
12685, 17642, 447, 4
12688, 17642, 49, 8
12690, 17642, 1030, 1
12698, 17642, 942, 4
12705, 17642, 188, 8
12743, 17642, 162, 8
12783, 24097, 989, 7
12807, 24097, 1446, 9
12848, 24097, 1336, 3
12877, 24097, 1095, 0
12897, 24097, 513, 4
12900, 24097, 776, 6
12907, 9136, 1434, 2
12942, 9136, 1231, 6
12956, 18040, 822, 1
12995, 18040, 1041, 1
13044, 18040, 1680, 1
13047, 18040, 476, 0
13083, 9063, 447, 3
13099, 9063, 513, 9
13126, 9063, 942, 2
13151, 9063, 226, 4
13165, 9063, 447, 0
13186, 9063, 1564, 5
13229, 9063, 383, 9
13235, 24086, 1003, 7
13271, 24086, 294, 9
13319, 24086, 251, 1
13356, 24086, 1116, 9
13387, 24086, 549, 9
13392, 24086, 1714, 5
13415, 24086, 188, 3
13430, 13542, 1120, 6
13452, 13542, 1446, 7
13465, 13542, 1305, 4
13475, 13542, 1041, 2
13519, 13542, 1561, 1
13537, 13542, 1431, 1
13555, 12885, 226, 9
13593, 12885, 188, 0
13619, 12885, 188, 9
13644, 8814, 476, 2
13677, 8814, 1561, 1
13722, 12046, 1184, 8
13734, 12046, 822, 3
13762, 12046, 936, 7
13805, 9018, 1714, 3
13836, 9018, 586, 3
13863, 9018, 1529, 3
13869, 10453, 1529, 1
13896, 10453, 429, 9
13917, 7503, 1487, 7
13962, 7503, 1561, 5
14009, 7503, 864, 5
14017, 7503, 817, 0
14064, 7503, 467, 3
14072, 1579, 383, 5
14087, 1579, 157, 8
14098, 1579, 776, 8
14121, 1579, 1439, 4
14167, 1579, 1305, 7
14214, 16225, 1714, 2
14258, 16225, 1336, 2
14291, 16225, 336, 4
14295, 16225, 1561, 0
14331, 16225, 1355, 3
14355, 3354, 473, 7
14356, 11954, 894, 5
14396, 11954, 1487, 5
14406, 11954, 1393, 9
14408, 14388, 989, 5
14416, 14388, 1355, 3
14432, 14388, 1184, 9
14469, 14388, 728, 0
14485, 14388, 1120, 1
14523, 14388, 1446, 0
14565, 14388, 817, 0
14585, 23549, 1116, 6
14622, 23549, 1003, 1
14638, 23549, 1431, 1
14656, 16908, 1643, 3
14695, 16908, 467, 1
14705, 16908, 467, 4
14746, 16908, 251, 0
14792, 16908, 1529, 5
14811, 16908, 1596, 9
14832, 19203, 1041, 3
14860, 19203, 942, 5
14880, 19203, 807, 5
14888, 19203, 294, 6
14932, 19203, 974, 2
14935, 19203, 1561, 6
14958, 19203, 1022, 5
15003, 23051, 1596, 5
15032, 23051, 974, 1
15073, 23051, 1095, 0
15092, 23051, 157, 7
15106, 23051, 1095, 6
15111, 15432, 383, 3
15141, 15432, 415, 8
15175, 19538, 1116, 5
15189, 19538, 1393, 9
15195, 19538, 1561, 4
15220, 19538, 1355, 0
15233, 19538, 1273, 4
15249, 19538, 822, 8
15253, 19538, 1279, 2
15264, 11287, 635, 5
15276, 11287, 443, 6
15309, 11287, 1561, 9
15313, 11287, 1120, 9
15349, 11287, 549, 2
15380, 11287, 776, 5
15402, 1054, 1460, 6
15428, 1054, 1434, 0
15440, 1054, 476, 4
15478, 1054, 1564, 8
15507, 8796, 1022, 2
15530, 8796, 415, 0
15553, 8796, 220, 0
15560, 8796, 1022, 0
15569, 8796, 1030, 6
15614, 895, 132, 6
15632, 895, 586, 9
15632, 895, 1304, 9
15670, 895, 549, 7
15670, 895, 49, 8
15709, 21687, 415, 4
15710, 21687, 1273, 0
15734, 21687, 1355, 6
15756, 21687, 864, 1
15757, 21687, 251, 0
15804, 24014, 1680, 4
15823, 5186, 1561, 5
15831, 16274, 383, 5
15857, 16274, 1446, 7
15858, 16274, 136, 7
15901, 16274, 1030, 7
15921, 16274, 447, 2
15938, 16274, 549, 1
15976, 16274, 936, 7
16015, 11318, 157, 9
16030, 11318, 467, 3
16070, 11318, 1273, 9
16085, 11318, 1596, 8
16128, 792, 1095, 3
16176, 792, 1529, 5
16219, 792, 974, 9
16233, 792, 1564, 0
16243, 792, 132, 5
16265, 792, 1439, 4
16266, 792, 251, 4
16312, 8132, 1431, 0
16317, 8132, 989, 8
16317, 8132, 1529, 8
16347, 8132, 1273, 7
16366, 8132, 467, 3
16387, 8132, 188, 4
16412, 8132, 1355, 3
16435, 21640, 1529, 4
16479, 21640, 1231, 3
16488, 2855, 1231, 6
16510, 2855, 415, 0
16516, 2855, 189, 5
16523, 2855, 817, 7
16549, 16994, 1596, 4
16588, 16994, 1304, 4
16611, 16994, 251, 9
16635, 16994, 1487, 0
16666, 2054, 415, 2
16712, 1890, 1116, 4
16714, 1890, 443, 5
16762, 1890, 822, 3
16769, 18443, 1564, 4
16809, 18443, 91, 1
16833, 18443, 251, 3
16846, 22674, 1355, 7
16887, 22674, 989, 3
16932, 22674, 220, 3
16951, 22674, 1714, 1
16998, 22674, 549, 3
17042, 22674, 1355, 8
17067, 2151, 1079, 8
17072, 2151, 1529, 7
17109, 10160, 936, 4
17156, 10160, 226, 9
17183, 10160, 1279, 9
17211, 10160, 513, 0
17251, 10160, 1079, 6
17267, 8938, 1439, 9
17267, 8938, 936, 9
17269, 8938, 1393, 2
17318, 8938, 1643, 3
17320, 8938, 586, 8
17361, 8938, 807, 4
17369, 8000, 473, 9
17405, 8000, 535, 1
17434, 8000, 942, 0
17477, 8000, 822, 9
17503, 8000, 822, 2
17522, 1590, 894, 6
17562, 1590, 1143, 4
17564, 1590, 974, 2
17601, 1590, 1120, 2
17608, 1590, 513, 5
17637, 17575, 864, 9
17671, 17575, 136, 1
17702, 17575, 294, 1
17740, 17575, 1434, 4
17744, 3629, 1564, 5
17769, 3629, 681, 4
17811, 3629, 1041, 2
17811, 3629, 447, 6
17845, 3629, 1022, 9
17880, 3629, 473, 7
17892, 3629, 429, 3
17933, 19752, 1116, 4
17933, 19752, 1116, 5
17947, 19752, 586, 8
17948, 19752, 1643, 0
17973, 19752, 864, 4
17979, 19752, 1393, 6
18008, 19752, 635, 3
18017, 4352, 476, 8
18040, 4352, 294, 3
18043, 4352, 1231, 2
18084, 4352, 1355, 9
18108, 4352, 1431, 4
18154, 15208, 473, 7
18197, 14104, 728, 7
18227, 14104, 251, 1
18258, 14104, 1095, 7
18304, 14104, 136, 0
18329, 14104, 1030, 9
18335, 14104, 1714, 7
18364, 16175, 91, 6
18394, 16175, 1041, 5
18404, 16175, 817, 2
18436, 16271, 974, 4
18480, 10779, 1120, 7
18489, 10779, 1120, 7
18515, 10779, 1336, 7
18557, 10779, 549, 6
18591, 10779, 443, 8
18610, 10779, 1596, 4
18610, 22477, 1279, 7
18634, 22477, 415, 0
18663, 22477, 535, 9
18704, 22477, 1231, 1
18744, 22477, 535, 4
18789, 22477, 188, 0
18805, 22477, 817, 0
18844, 1963, 447, 5
18859, 1963, 1120, 6
18876, 1963, 894, 9
18879, 1963, 864, 9
18898, 9239, 1596, 1
18923, 9239, 188, 1
18959, 9239, 1564, 3
18982, 9239, 1305, 3
18996, 9239, 936, 8
19016, 9239, 1116, 8
19026, 9239, 476, 6
19037, 6541, 294, 2
19064, 6541, 822, 6
19081, 6541, 226, 4
19125, 6541, 1143, 6
19142, 18870, 132, 5
19159, 18870, 817, 4
19166, 18870, 776, 5
19183, 18870, 936, 2
19195, 18870, 383, 1
19227, 18870, 936, 2
19239, 18870, 1304, 2
19263, 8647, 294, 6
19265, 8647, 1273, 5
19300, 8647, 1079, 9
19317, 8647, 535, 8
19360, 11702, 635, 2
19374, 11702, 1120, 5
19386, 494, 251, 5
19387, 494, 132, 9
19415, 494, 1336, 0
19428, 494, 1596, 7
19453, 494, 864, 9
19460, 19710, 1231, 5
19472, 19710, 132, 2
19504, 19710, 1116, 9
19545, 19710, 681, 6
19551, 19710, 157, 1
19593, 19710, 1184, 9
19600, 1771, 1336, 7
19630, 1771, 822, 2
19630, 1771, 91, 8
19679, 1771, 1487, 9
19687, 1771, 1003, 8
19726, 11617, 1279, 9
19761, 11617, 1714, 0
19798, 11617, 1431, 4
19836, 11617, 864, 7
19880, 11617, 157, 1
19918, 2541, 974, 2
19920, 2541, 1487, 3
19952, 2541, 1079, 3
19998, 2541, 294, 9
20034, 2541, 1460, 7
20046, 2541, 1116, 5
20061, 2541, 251, 3
20068, 5149, 1305, 8
20098, 23752, 447, 5
20122, 23752, 1714, 6
20169, 23752, 974, 7
20215, 12319, 1596, 6
20234, 12319, 989, 0
20267, 12319, 681, 0
20269, 12319, 220, 9
20296, 12319, 549, 5
20315, 12319, 1003, 3
20332, 23624, 91, 5
20373, 23624, 294, 1
20379, 23624, 817, 5
20406, 3324, 1439, 4
20408, 3324, 822, 9
20412, 16988, 473, 3
20413, 16988, 817, 7
20435, 13743, 336, 6
20446, 13743, 49, 1
20491, 13743, 1095, 3
20496, 13743, 535, 1
20515, 13743, 294, 9
20521, 13743, 1564, 8
20563, 13743, 728, 3
20576, 2313, 443, 9
20624, 2313, 586, 1
20663, 2313, 822, 4
20702, 2313, 1643, 2
20702, 2313, 942, 8
20713, 2313, 817, 0
20720, 22236, 1157, 4
20739, 22236, 681, 6
20762, 22236, 807, 7
20775, 22236, 1022, 3
20811, 22236, 1143, 4
20819, 4460, 728, 9
20864, 4460, 1355, 1
20902, 4460, 189, 3
20923, 4460, 1431, 5
20965, 4460, 817, 5
20967, 4460, 1680, 1
21001, 4460, 443, 5
21014, 12473, 1439, 2
21043, 12473, 188, 0
21060, 12473, 817, 9
21066, 12473, 1439, 7
21099, 12473, 157, 1
21102, 12473, 1157, 4
21126, 12473, 415, 9
21175, 16292, 974, 6
21194, 15370, 1304, 3
21220, 15370, 1116, 1
21238, 15370, 1336, 0
21238, 15370, 162, 7
21241, 15105, 1596, 5
21283, 15105, 1529, 9
21308, 15105, 894, 9
21352, 15105, 1279, 2
21372, 15105, 942, 6
21391, 1138, 549, 2
21434, 1138, 513, 5
21456, 1138, 1434, 1
21500, 1138, 1714, 1
21504, 1138, 807, 7
21538, 1138, 1157, 4
21564, 1138, 1304, 6
21598, 6540, 467, 4
21618, 6540, 942, 1
21639, 6540, 989, 7
21681, 6540, 1231, 2
21696, 6540, 1157, 5
21714, 6540, 1120, 3
21729, 13052, 188, 6
21765, 13052, 989, 5
21804, 13052, 1336, 8
21824, 1483, 220, 6
21856, 1483, 1431, 2
21856, 1483, 49, 0
21872, 1483, 162, 6
21876, 1483, 1305, 6
21888, 1483, 429, 2
21905, 1483, 1231, 0
21950, 8185, 226, 9
21990, 8185, 1529, 7
22021, 8185, 1030, 1
22064, 8185, 807, 8
22082, 10033, 549, 1
22122, 10033, 1304, 7
22148, 10033, 1680, 3
22179, 10033, 1596, 1
22187, 10033, 443, 3
22197, 10033, 894, 5
22239, 16604, 1095, 3
22248, 747, 974, 7
22274, 747, 1184, 3
22277, 747, 1116, 6
22318, 747, 1079, 8
22356, 17456, 429, 6
22383, 17456, 989, 2
22426, 6955, 1431, 2
22473, 6955, 429, 2
22507, 6955, 1355, 7
22527, 6955, 1184, 0
22547, 6955, 989, 1
22559, 6955, 188, 1
22579, 895, 162, 8
22596, 895, 1714, 9
22641, 895, 1434, 4
22679, 895, 49, 7
22691, 895, 635, 8
22692, 23891, 1336, 9
22717, 23891, 1079, 7
22726, 23891, 136, 2
22739, 6439, 942, 2
22786, 6439, 822, 4
22804, 6439, 1030, 8
22806, 6439, 1231, 9
22839, 10759, 1143, 3
22870, 10759, 415, 5
22906, 10759, 1022, 0
22923, 20597, 1336, 2
22927, 20597, 942, 1
22948, 20597, 162, 4
22957, 20597, 336, 9
22985, 20597, 1305, 1
23001, 12782, 1304, 2
23008, 12782, 1030, 1
23038, 12782, 132, 3
23040, 12782, 1460, 3
23042, 12782, 1116, 1
23059, 12782, 1041, 4
23103, 16027, 1041, 1
23145, 16027, 535, 8
23155, 16027, 1231, 6
23201, 16027, 1561, 3
23209, 16027, 1157, 8
23216, 16027, 936, 5
23231, 14395, 1561, 2
23275, 14395, 1120, 4
23295, 14395, 974, 5
23329, 14395, 429, 5
23371, 14395, 162, 3
23398, 12003, 1116, 6
23426, 12003, 1431, 8
23458, 12003, 1561, 4
23458, 12003, 817, 5
23480, 12003, 1680, 9
23524, 14000, 1714, 4
23528, 14000, 1487, 6
23557, 1236, 1596, 8
23585, 1236, 1041, 6
23625, 1236, 1561, 1
23629, 1899, 1434, 2
23646, 1899, 1460, 7
23663, 1899, 1231, 3
23675, 1899, 549, 6
23704, 1899, 1304, 6
23748, 1899, 1561, 3
23788, 10503, 157, 4
23831, 10503, 1439, 9
23876, 10503, 1431, 9
23904, 21379, 1393, 1
23936, 16430, 894, 6
23982, 16430, 1157, 7
24006, 16430, 1304, 0
24037, 12929, 776, 6
24080, 12188, 1030, 9
24120, 9708, 1095, 8
24125, 9708, 473, 8
24146, 9708, 1393, 6
24175, 9708, 1431, 5
24186, 9708, 1305, 7
24225, 9708, 894, 3
24244, 17416, 936, 9
24271, 17416, 1561, 8
24279, 17416, 1041, 5
24295, 17416, 1143, 6
24318, 7238, 1143, 8
24325, 7238, 1439, 4
24329, 7238, 467, 5
24351, 7238, 1393, 9
24384, 7238, 429, 8
24411, 7238, 1095, 2
24445, 12113, 989, 1
24465, 12113, 936, 3
24480, 12113, 251, 5
24524, 12113, 513, 2
24564, 10746, 1680, 3
24593, 10746, 443, 0
24597, 14649, 251, 2
24630, 14649, 188, 4
24655, 14649, 1022, 2
24678, 14649, 415, 4
24722, 14649, 1446, 1
24744, 5554, 1184, 0
24784, 5554, 429, 8
24791, 5554, 447, 1
24839, 5554, 1157, 9
24862, 5554, 728, 6
24900, 5554, 894, 3
24938, 5554, 1095, 0
24974, 3900, 586, 7
25015, 3900, 681, 8
25034, 3900, 383, 4
25077, 3900, 822, 8
25079, 3900, 1184, 7
25090, 22932, 1714, 2
25116, 22932, 1561, 8
25121, 22932, 1022, 2
25149, 22932, 294, 5
25155, 22932, 1355, 8
25171, 22932, 1680, 6
25194, 15046, 136, 5
25195, 3231, 1460, 6
25243, 3231, 1079, 0
25281, 3231, 1439, 9
25310, 3231, 1336, 3
25358, 3231, 1279, 6
25382, 3231, 635, 8
25409, 4445, 336, 0
25410, 3462, 189, 6
25447, 3462, 1003, 4
25496, 11074, 776, 3
25521, 11074, 132, 9
25558, 11074, 443, 2
25584, 11074, 1022, 6
25624, 11074, 1680, 6
25635, 11074, 443, 7
25661, 22226, 1184, 9
25690, 2806, 535, 4
25739, 2806, 513, 9
25755, 2806, 1561, 2
25757, 2806, 586, 6
25784, 2806, 681, 2
25797, 2806, 189, 4
25820, 14480, 1529, 0
25837, 3072, 473, 2
25840, 3072, 157, 3
25884, 13626, 1561, 9
25894, 13626, 443, 2
25942, 13626, 1184, 4
25957, 4618, 1431, 6
25964, 8280, 132, 7
25993, 8280, 220, 5
26021, 7951, 1529, 8
26024, 7951, 91, 0
26026, 1072, 1184, 7
26055, 1072, 1305, 4
26067, 1072, 429, 8
26083, 1072, 189, 1
26120, 10206, 1561, 5
26137, 10206, 989, 6
26152, 10206, 157, 3
26177, 10206, 91, 3
26220, 10206, 1431, 5
26263, 10206, 1355, 9
26275, 17479, 336, 2
26313, 17479, 1120, 1
26350, 9602, 1564, 9
26351, 9602, 476, 2
26371, 9602, 1643, 7
26409, 9602, 535, 3
26456, 10623, 157, 2
26459, 10623, 1355, 5
26464, 10623, 189, 6
26472, 10623, 1041, 7
26480, 23342, 415, 3
26498, 23342, 1336, 8
26529, 23342, 1231, 8
26567, 23342, 894, 5
26576, 23342, 1446, 0
26596, 23342, 1487, 0
26618, 12424, 91, 3
26628, 12424, 157, 9
26659, 12424, 586, 8
26669, 12424, 1304, 4
26696, 12424, 974, 9
26729, 12707, 473, 1
26764, 12707, 1095, 7
26777, 12707, 776, 6
26818, 12707, 1116, 7
26853, 12815, 1355, 7
26895, 12815, 1529, 4
26913, 12815, 1030, 1
26924, 10288, 415, 6
26941, 10288, 817, 7
26961, 10288, 1079, 2
26977, 11812, 894, 4
26998, 11812, 1184, 6
27013, 11812, 894, 9
27038, 11812, 535, 2
27081, 11812, 1304, 3
27099, 11812, 49, 3
27120, 11812, 1079, 6
27144, 20393, 1273, 6
27145, 20393, 817, 4
27182, 20393, 1439, 7
27192, 20393, 136, 7
27194, 20393, 467, 9
27243, 21150, 1279, 1
27246, 21150, 822, 9
27277, 21150, 807, 3
27277, 21150, 1157, 8
27321, 21150, 864, 5
27353, 21150, 1157, 4
27354, 21150, 1336, 0
27368, 9795, 1305, 7
27414, 9795, 1561, 1
27460, 9795, 336, 7
27491, 697, 443, 9
27498, 19669, 1529, 5
27510, 19669, 1231, 4
27514, 19669, 1529, 8
27520, 19669, 864, 6
27520, 14255, 1304, 8
27554, 19081, 136, 5
27556, 19081, 447, 2
27604, 19081, 728, 5
27604, 9161, 473, 3
27617, 9161, 473, 3
27653, 9161, 251, 7
27661, 9161, 1003, 9
27687, 9161, 251, 1
27720, 17880, 1564, 0
27729, 17880, 1643, 0
27766, 20710, 226, 2
27767, 20710, 942, 7
27769, 20710, 586, 8
27794, 20710, 1095, 3
27827, 20817, 1487, 5
27835, 20817, 1529, 7
27854, 20817, 1643, 1
27878, 20817, 383, 2
27885, 20817, 49, 0
27919, 20817, 817, 1
27961, 20817, 776, 6
27983, 16229, 1003, 5
28003, 16229, 1596, 4
28028, 16229, 1564, 0
28047, 16229, 1561, 4
28096, 16229, 132, 6
28145, 16229, 383, 1
28160, 19997, 429, 4
28172, 19997, 1561, 0
28193, 19997, 974, 7
28238, 19997, 132, 2
28241, 19997, 1116, 9
28283, 8704, 1439, 8
28287, 8704, 1643, 1
28311, 8704, 974, 2
28326, 8704, 635, 3
28326, 8704, 817, 5
28326, 8704, 1596, 3
28367, 23453, 681, 1
28397, 23453, 136, 2
28419, 23453, 586, 6
28464, 23453, 157, 4
28501, 10831, 513, 9
28502, 10831, 1157, 1
28543, 10831, 776, 4
28574, 10831, 447, 6
28597, 6358, 1143, 6
28645, 20020, 188, 4
28681, 20020, 1041, 5
28696, 20020, 467, 6
28745, 20020, 1393, 0
28773, 20020, 189, 8
28778, 20020, 1095, 3
28782, 20020, 1564, 1
28820, 20374, 1143, 2
28823, 20374, 1680, 1
28859, 20374, 136, 0
28871, 20374, 383, 5
28894, 15401, 1487, 5
28896, 15401, 336, 6
28910, 15401, 1434, 3
28929, 15401, 681, 1
28976, 6894, 443, 5
29001, 6894, 728, 0
29018, 18729, 476, 6
29048, 18729, 1355, 8
29059, 18729, 157, 9
29063, 18729, 251, 1
29070, 18523, 226, 4
29095, 3012, 91, 1
29110, 3012, 1596, 0
29125, 3012, 383, 3
29137, 3012, 1116, 0
29166, 3012, 1680, 8
29198, 13376, 383, 2
29205, 13376, 1460, 1
29232, 13376, 1120, 6
29247, 13376, 188, 1
29271, 13376, 1305, 9
29318, 8854, 467, 6
29358, 8854, 1529, 5
29386, 8854, 1596, 8
29393, 8854, 415, 0
29398, 8854, 220, 6
29415, 5349, 1336, 9
29455, 5349, 1439, 0
29466, 5349, 1529, 3
29474, 5349, 447, 5
29495, 5349, 189, 2
29508, 22521, 776, 5
29544, 17773, 936, 6
29592, 17773, 942, 8
29636, 17773, 1434, 2
29646, 17773, 1355, 0
29694, 17773, 807, 6
29733, 20147, 635, 3
29753, 20147, 49, 9
29769, 20147, 251, 5
29794, 6576, 162, 8
29795, 6576, 189, 5
29844, 6576, 1529, 2
29868, 6576, 1116, 8
29909, 6576, 1714, 1
29914, 6576, 989, 8
29915, 2219, 513, 9
29924, 2219, 447, 0
29945, 2219, 473, 7
29950, 2219, 1079, 3
29964, 2219, 294, 5
29992, 2219, 1143, 1
30019, 18221, 1434, 7
30060, 18221, 1003, 1
30069, 18221, 1434, 9
30079, 18221, 1434, 6
30126, 17195, 1564, 8
30166, 17195, 1446, 3
30201, 17195, 728, 3
30245, 17195, 1120, 4
30291, 17195, 251, 5
30310, 18632, 162, 0
30335, 18632, 1079, 6
30371, 18632, 1304, 5
30408, 18632, 1446, 3
30433, 18632, 157, 9
30438, 18632, 1434, 3
30477, 18632, 429, 8
30524, 15724, 473, 5
30559, 15724, 476, 0
30595, 15724, 1439, 0
30616, 15724, 1022, 2
30658, 11392, 226, 1
30666, 11392, 1336, 0
30670, 11392, 776, 4
30687, 11392, 336, 8
30709, 12959, 1279, 0
30734, 12959, 132, 1
30763, 12959, 157, 5
30798, 12959, 1116, 4
30828, 12959, 807, 7
30872, 12959, 91, 3
30887, 12959, 1231, 6
30899, 22735, 1279, 4
30932, 22735, 1446, 3
30971, 22735, 681, 2
30985, 22735, 1393, 8
30992, 22735, 336, 3
31022, 22735, 1446, 2
31034, 22735, 1596, 5
31046, 15849, 822, 9
31075, 15849, 1041, 7
31077, 15849, 1596, 6
31091, 16392, 1431, 2
31137, 16392, 1393, 4
31138, 16392, 1231, 7
31150, 16392, 942, 6
31188, 16392, 1446, 9
31208, 3388, 1273, 1
31247, 3388, 535, 5
31252, 3388, 476, 2
31259, 18481, 1439, 1
31295, 18481, 91, 4
31335, 18481, 1529, 5
31345, 18481, 1120, 2
31391, 18481, 447, 9
31394, 18481, 429, 0
31435, 14086, 1434, 1
31461, 6886, 476, 0
31473, 6886, 1439, 3
31476, 6886, 817, 9
31495, 8234, 1336, 2
31514, 8234, 1355, 2
31563, 8234, 807, 4
31585, 8234, 188, 2
31622, 8234, 1003, 6
31640, 8234, 635, 8
31677, 10148, 1273, 6
31707, 10148, 294, 4
31743, 10148, 1279, 0
31754, 10148, 728, 8
31789, 14647, 447, 3
31793, 14647, 188, 9
31797, 3929, 1184, 0
31803, 3929, 822, 3
31830, 16365, 1714, 4
31841, 16365, 936, 3
31842, 16365, 1529, 8
31860, 16365, 1279, 7
31879, 16365, 189, 2
31920, 13204, 383, 4
31964, 13204, 1279, 4
31975, 13204, 635, 2
32024, 8382, 1460, 7
32051, 8674, 473, 8
32062, 8674, 728, 4
32075, 8674, 681, 7
32105, 3396, 473, 3
32147, 3396, 974, 8
32176, 3396, 989, 1
32177, 3396, 1079, 0
32198, 3396, 728, 1
32242, 3396, 188, 8
32270, 3396, 1434, 7
32297, 8779, 1714, 9
32299, 8779, 974, 8
32307, 8779, 447, 1
32345, 8779, 226, 3
32351, 8779, 251, 8
32368, 21309, 1643, 9
32390, 21309, 136, 4
32432, 21309, 1116, 5
32446, 21309, 415, 9
32482, 21309, 1231, 8
32521, 21309, 1305, 9
32555, 21309, 443, 6
32569, 21002, 776, 1
32580, 21002, 383, 1
32580, 21002, 1116, 4
32590, 21002, 1041, 3
32632, 21002, 473, 9
32681, 21002, 1643, 6
32708, 21027, 894, 3
32743, 21027, 535, 3
32773, 21027, 1095, 0
32791, 21027, 817, 8
32826, 21027, 1079, 4
32851, 21027, 1157, 7
32881, 1840, 1393, 3
32922, 1840, 974, 8
32969, 1840, 1022, 7
33008, 1840, 1157, 6
33048, 1840, 1434, 1
33076, 3765, 535, 6
33084, 3765, 1529, 5
33093, 3765, 162, 9
33137, 3765, 1184, 7
33181, 3765, 1680, 8
33223, 9276, 136, 2
33272, 9276, 1487, 8
33304, 9276, 1022, 0
33313, 9276, 1095, 2
33350, 13623, 383, 6
33364, 13623, 1487, 9
33373, 13623, 1231, 9
33417, 13623, 188, 2
33426, 13623, 817, 7
33464, 13623, 1596, 8
33506, 1848, 1529, 2
33514, 1848, 476, 4
33554, 7864, 443, 4
33603, 7864, 1355, 4
33630, 7864, 251, 5
33661, 7864, 1279, 6
33668, 7864, 1304, 7
33671, 7864, 1355, 9
33712, 7864, 864, 6
33718, 18786, 49, 4
33746, 16133, 535, 1
33780, 16133, 1304, 5
33780, 16133, 136, 7
33784, 16133, 1393, 7
33792, 16133, 535, 3
33832, 11336, 817, 0
33870, 11336, 336, 2
33914, 11336, 1336, 3
33935, 11336, 49, 1
33982, 21671, 1305, 0
34022, 21671, 1393, 8
34050, 21671, 1003, 2
34065, 21671, 549, 8
34097, 1727, 535, 6
34099, 1727, 776, 6
34144, 1727, 1529, 3
34182, 1727, 1529, 3
34187, 1727, 1561, 4
34193, 1727, 49, 7
34235, 1727, 1120, 1
34271, 11835, 136, 4
34278, 11835, 226, 8
34323, 11835, 189, 8
34372, 11835, 1446, 6
34407, 11835, 294, 8
34425, 11835, 535, 9
34466, 11835, 91, 5
34506, 8246, 189, 8
34553, 8246, 136, 4
34579, 2264, 1643, 8
34625, 2264, 1273, 2
34673, 2264, 1120, 4
34702, 2264, 1714, 4
34722, 2264, 1596, 8
34724, 6263, 1116, 8
34753, 6263, 1714, 0
34764, 6263, 1030, 9
34789, 13779, 1273, 2
34793, 14715, 817, 4
34802, 14715, 443, 3
34848, 18605, 1487, 4
34851, 18605, 447, 0
34894, 18605, 1279, 7
34933, 18605, 1596, 8
34968, 18605, 1487, 9
34975, 18605, 157, 4
34983, 23432, 864, 8
34990, 23432, 535, 9
35019, 23432, 467, 0
35054, 23432, 1120, 7
35087, 23432, 467, 1
35087, 18694, 1231, 7
35114, 3958, 1596, 2
35138, 11439, 49, 5
35145, 11439, 1305, 0
35194, 11439, 1095, 1
35202, 11439, 473, 3
35237, 2416, 1279, 3
35265, 2416, 586, 2
35268, 2416, 822, 4
35277, 2416, 894, 5
35306, 2416, 1680, 7
35347, 2416, 1231, 1
35383, 2416, 443, 3
35395, 8819, 415, 8
35405, 8819, 989, 8
35437, 8819, 1529, 8
35485, 8819, 1446, 3
35517, 8819, 1079, 4
35564, 4305, 91, 5
35576, 4305, 1393, 6
35586, 4305, 1460, 3
35612, 4305, 473, 3
35644, 4305, 251, 2
35678, 4305, 535, 5
35705, 4305, 429, 9
35732, 23296, 1564, 0
35763, 23296, 974, 3
35789, 23296, 1431, 8
35805, 10568, 1561, 8
35852, 15435, 294, 1
35853, 15435, 1022, 9
35897, 22124, 1003, 6
35923, 22124, 226, 6
35935, 22124, 1446, 6
35938, 22124, 1439, 1
35977, 22124, 1596, 9
35987, 2300, 294, 6
36029, 2300, 1434, 9
36048, 2300, 817, 1
36092, 2300, 294, 8
36106, 2300, 1355, 9
36124, 5919, 1184, 0
36155, 5919, 1487, 8
36199, 5919, 49, 4
36200, 22736, 894, 5
36240, 22736, 443, 3
36267, 22736, 49, 2
36270, 16467, 1355, 7
36311, 16467, 415, 1
36344, 16467, 1304, 8
36354, 16467, 1079, 3
36364, 16467, 294, 6
36389, 16467, 1561, 5
36399, 16467, 1446, 4
36413, 19261, 1157, 2
36435, 19261, 586, 2
36455, 19261, 1460, 0
36486, 20371, 294, 9
36491, 20371, 513, 6
36513, 20371, 1120, 1
36515, 20371, 136, 4
36535, 20371, 226, 3
36556, 2796, 476, 1
36559, 2796, 443, 7
36584, 2796, 1596, 8
36618, 2796, 1446, 9
36645, 2796, 1279, 2
36657, 2796, 974, 5
36660, 2796, 162, 1
36707, 4764, 1279, 5
36756, 4764, 1680, 6
36797, 4764, 383, 4
36832, 4764, 776, 2
36834, 6471, 188, 0
36876, 8574, 1079, 4
36884, 8574, 1157, 5
36905, 6396, 1529, 9
36917, 18258, 1680, 6
36935, 18258, 974, 4
36962, 6440, 942, 3
36979, 6440, 1446, 2
37008, 6440, 1714, 7
37057, 6440, 989, 7
37069, 6440, 429, 8
37090, 6440, 1529, 5
37114, 2191, 188, 5
37138, 2191, 476, 9
37143, 5106, 1561, 3
37158, 5106, 1446, 5
37175, 5106, 1529, 5
37219, 5106, 1095, 6
37226, 8365, 681, 0
37274, 8365, 415, 5
37276, 8365, 336, 9
37315, 8365, 822, 6
37344, 2083, 1120, 7
37370, 2083, 1095, 9
37377, 2083, 336, 6
37426, 2083, 817, 4
37460, 5523, 1431, 7
37485, 5523, 936, 7
37530, 5523, 476, 7
37573, 9121, 1643, 0
37618, 9121, 336, 9
37638, 9121, 1564, 7
37673, 9121, 974, 9
37712, 9121, 817, 4
37718, 9121, 1680, 6
37726, 23867, 1529, 7
37728, 23867, 513, 1
37734, 23867, 1439, 0
37776, 23867, 383, 2
37793, 3420, 136, 2
37842, 3420, 989, 7
37885, 3420, 1439, 3
37920, 3420, 728, 5
37963, 3420, 443, 7
37979, 3420, 189, 4
38003, 3420, 132, 2
38052, 23775, 1143, 1
38060, 23775, 1564, 4
38078, 23775, 635, 4
38102, 23775, 1434, 0
38127, 23775, 1030, 4
38169, 23775, 1643, 9
38180, 23775, 1273, 3
38182, 17347, 476, 2
38189, 17347, 1079, 5
38211, 17347, 467, 3
38235, 17347, 776, 3
38237, 17982, 942, 2
38250, 17982, 1116, 7
38275, 17982, 162, 3
38282, 17982, 681, 6
38305, 19297, 1487, 3
38325, 19297, 251, 4
38331, 19297, 936, 4
38375, 19297, 1304, 8
38387, 19297, 336, 5
38424, 10351, 974, 7
38463, 10351, 1714, 8
38504, 10351, 776, 9
38510, 10351, 251, 6
38556, 10351, 936, 4
38563, 10351, 1643, 1
38570, 10351, 1643, 6
38589, 11037, 188, 3
38624, 19933, 443, 3
38641, 19933, 132, 1
38666, 19933, 1643, 6
38697, 19933, 549, 6
38709, 19933, 1304, 8
38741, 19933, 1022, 4
38749, 15766, 1022, 4
38787, 15766, 635, 3
38815, 15766, 728, 1
38835, 15766, 443, 0
38851, 15766, 1143, 9
38878, 15766, 1231, 7
38912, 5053, 776, 7
38938, 5053, 728, 9
38982, 5053, 294, 2
39019, 5053, 1336, 5
39032, 7270, 1003, 6
39065, 7270, 681, 2
39095, 17416, 162, 5
39124, 17416, 1279, 2
39144, 17416, 1304, 4
39155, 17605, 681, 0
39169, 17605, 336, 6
39205, 15804, 220, 2
39220, 15804, 1305, 8
39253, 15804, 1561, 4
39273, 15804, 294, 7
39295, 15804, 1680, 4
39303, 15804, 1431, 1
39305, 15804, 220, 7
39342, 14339, 336, 0
39381, 14339, 383, 6
39425, 14339, 1561, 8
39433, 14339, 1095, 2
39437, 14339, 1095, 2
39455, 14339, 989, 1
39455, 14339, 1120, 1
39487, 4154, 1564, 0
39502, 24024, 1116, 1
39545, 7395, 473, 8
39556, 13417, 157, 5
39585, 13417, 807, 1
39632, 13417, 476, 9
39632, 13417, 1714, 6
39681, 17101, 1643, 1
39689, 17101, 91, 7
39694, 17101, 535, 1
39737, 17101, 817, 8
39782, 17101, 476, 6
39808, 17101, 513, 7
39856, 12248, 1487, 1
39856, 12248, 251, 7
39870, 12248, 189, 2
39917, 12589, 1273, 1
39919, 12589, 894, 0
39955, 12589, 1079, 0
39996, 12589, 1231, 2
40023, 12589, 157, 5
40024, 12589, 894, 5
40069, 5921, 1116, 9
40111, 5921, 1487, 9
40141, 12426, 443, 4
40176, 12426, 989, 5
40211, 12426, 1336, 8
40223, 19483, 1561, 3
40244, 19483, 807, 5
40278, 19483, 1529, 7
40280, 19483, 415, 5
40287, 19483, 447, 5
40292, 19483, 1079, 8
40310, 8599, 1336, 0
40310, 8599, 1561, 8
40359, 14505, 1439, 9
40398, 14505, 989, 7
40436, 23916, 1336, 2
40482, 23916, 1487, 8
40513, 23916, 822, 2
40540, 23916, 1095, 7
40546, 4873, 1596, 5
40551, 4873, 447, 5
40579, 23783, 894, 6
40602, 23783, 942, 2
40611, 23783, 447, 9
40634, 23783, 1279, 0
40681, 539, 415, 4
40708, 539, 1184, 7
40720, 539, 974, 6
40748, 1429, 157, 9
40793, 1429, 1643, 8
40841, 1429, 383, 0
40866, 17341, 1434, 5
40871, 10877, 1041, 5
40903, 10877, 473, 1
40912, 10877, 383, 5
40953, 23695, 535, 9
40977, 23695, 1231, 6
40977, 23695, 226, 4
40977, 21028, 132, 7
40989, 21028, 91, 7
41022, 2388, 1487, 1
41061, 10732, 807, 8
41089, 10732, 974, 7
41124, 10732, 817, 7
41163, 3561, 1487, 1
41206, 3561, 1022, 1
41244, 3561, 817, 3
41275, 3561, 894, 0
41293, 3561, 1434, 1
41307, 5550, 1273, 3
41316, 5550, 188, 3
41362, 12555, 1003, 6
41387, 12555, 1022, 6
41433, 12555, 1460, 2
41437, 12555, 1079, 4
41457, 5582, 1003, 8
41467, 5582, 1596, 6
41484, 20573, 1680, 9
41510, 20573, 1279, 6
41532, 20573, 1680, 7
41539, 20573, 1355, 9
41567, 20573, 132, 4
41583, 20573, 157, 7
41631, 20573, 294, 5
41671, 1525, 1460, 5
41693, 8337, 251, 9
41708, 8337, 157, 6
41757, 8337, 1680, 0
41778, 8337, 1273, 7
41792, 8337, 942, 7
41839, 8337, 383, 3
41875, 8337, 1446, 8
41910, 9841, 864, 9
41914, 9841, 513, 0
41960, 9841, 1157, 8
41984, 9841, 157, 3
42024, 9841, 1079, 8
42047, 12298, 822, 9
42052, 12298, 936, 5
42085, 12298, 294, 8
42094, 12298, 294, 5
42127, 12298, 989, 2
42167, 12298, 1680, 3
42215, 17484, 535, 3
42220, 17484, 336, 1
42247, 17484, 1095, 3
42292, 17484, 513, 5
42296, 17484, 1022, 5
42298, 17484, 1279, 7
42341, 16827, 1184, 1
42365, 16827, 1446, 3
42411, 16827, 535, 9
42436, 16827, 1022, 1
42455, 16827, 91, 8
42468, 16827, 383, 4
42510, 13222, 974, 0
42549, 13222, 1095, 5
42580, 547, 1561, 5
42595, 547, 443, 6
42615, 547, 681, 6
42653, 547, 586, 1
42693, 547, 294, 3
42740, 547, 989, 0
42782, 547, 1305, 4
42825, 15824, 447, 5
42869, 15824, 1460, 2
42884, 49, 1596, 4
42914, 49, 635, 6
42952, 49, 1273, 2
42992, 49, 1304, 9
43027, 49, 776, 2
43034, 8432, 162, 0
43043, 8432, 894, 1
43060, 8432, 1030, 1
43084, 8432, 1596, 6
43093, 8432, 586, 4
43128, 14163, 974, 1
43147, 16316, 1304, 6
43191, 16316, 1279, 3
43231, 16316, 415, 8
43276, 16316, 162, 2
43301, 16316, 1304, 3
43323, 14795, 476, 8
43351, 14795, 807, 5
43360, 2926, 91, 2
43366, 3856, 132, 1
43386, 8724, 443, 9
43401, 8724, 1120, 3
43419, 21058, 189, 3
43437, 21058, 1184, 5
43484, 1566, 807, 9
43513, 19834, 1120, 0
43529, 19834, 549, 4
43539, 19834, 681, 1
43554, 19834, 1305, 2
43585, 19834, 383, 7
43632, 17233, 1157, 9
43665, 17233, 443, 0
43706, 17233, 1273, 1
43754, 6187, 681, 1
43779, 15471, 1184, 8
43790, 15471, 936, 3
43793, 15471, 894, 5
43840, 15471, 226, 9
43877, 20006, 157, 8
43913, 20006, 383, 3
43914, 20006, 1643, 7
43944, 20006, 1041, 1
43982, 20006, 1431, 1
44004, 20006, 1529, 9
44051, 6791, 1643, 1
44098, 4079, 1460, 0
44147, 9068, 1231, 7
44177, 9068, 49, 2
44219, 9068, 1279, 2
44233, 9068, 476, 7
44267, 9068, 974, 3
44286, 4407, 1714, 0
44323, 4407, 513, 7
44325, 4407, 1460, 0
44328, 4407, 294, 6
44347, 4407, 936, 0
44389, 207, 1022, 9
44411, 207, 467, 4
44447, 207, 807, 1
44478, 207, 429, 0
44525, 207, 415, 1
44556, 207, 473, 9
44561, 207, 1157, 0
44597, 20105, 1116, 0
44615, 10165, 1143, 3
44637, 10165, 1003, 8
44683, 10165, 132, 8
44709, 17479, 415, 0
44713, 17479, 188, 5
44750, 17479, 1446, 6
44762, 17479, 822, 6
44774, 17479, 1003, 2
44822, 17479, 294, 1
44857, 17479, 1279, 1
44891, 16918, 188, 7
44893, 16918, 1157, 1
44920, 16918, 776, 6
44920, 19836, 1460, 0
44942, 13700, 1116, 1
44970, 17031, 189, 5
44977, 17031, 822, 8
45026, 17031, 294, 3
45060, 17031, 226, 2
45087, 17031, 189, 7
45114, 10712, 476, 0
45129, 10712, 1439, 2
45155, 10712, 226, 0
45181, 10712, 1431, 8
45201, 10712, 1596, 4
45234, 10712, 1643, 4
45244, 10712, 1355, 0
45293, 15684, 894, 4
45309, 15684, 535, 9
45313, 15684, 1143, 2
45351, 15684, 226, 3
45383, 15684, 49, 3
45430, 15684, 1095, 7
45457, 15684, 1564, 2
45505, 20781, 1434, 3
45512, 20781, 476, 5
45541, 20781, 535, 5
45563, 20781, 162, 4
45609, 20781, 864, 7
45647, 20781, 447, 9
45695, 12142, 776, 1
45739, 13272, 549, 5
45741, 13272, 942, 3
45744, 13272, 1143, 9
45783, 13272, 635, 6
45823, 13272, 429, 8
45869, 18003, 1157, 2
45877, 13951, 1446, 9
45909, 13951, 1643, 0
45911, 13951, 336, 6
45950, 11736, 1460, 4
45998, 11736, 189, 9
46015, 11736, 989, 6
46032, 5873, 728, 2
46054, 5610, 1714, 3
46055, 5610, 974, 7
46068, 5610, 1529, 1
46115, 5610, 1460, 4
46133, 6704, 91, 2
46179, 6704, 443, 8
46195, 6704, 336, 5
46231, 6704, 1439, 7
46258, 656, 1439, 9
46289, 656, 1431, 6
46307, 656, 429, 0
46323, 656, 443, 2
46345, 656, 447, 5
46346, 656, 942, 0
46346, 20416, 1434, 5
46361, 20416, 91, 6
46372, 20416, 49, 5
46406, 20416, 1355, 8
46439, 20416, 1434, 6
46447, 20416, 476, 7
46469, 15503, 1564, 9
46470, 15503, 864, 3
46508, 15503, 1095, 1
46515, 6818, 681, 4
46525, 6818, 1564, 8
46551, 6818, 864, 8
46557, 4281, 817, 0
46563, 13566, 1279, 5
46605, 13566, 1439, 4
46642, 13566, 429, 4
46649, 13566, 1714, 6
46667, 13566, 294, 9
46691, 2104, 1030, 6
46726, 2104, 549, 0
46762, 2104, 336, 0
46807, 2104, 91, 0
46810, 2104, 1561, 3
46838, 1132, 817, 1
46843, 1132, 294, 7
46874, 7176, 1643, 5
46912, 7176, 1434, 7
46961, 7176, 49, 3
46963, 7176, 1030, 8
46969, 7176, 294, 8
47002, 7176, 476, 8
47040, 7176, 132, 8
47050, 18321, 1157, 1
47072, 18321, 336, 6
47104, 18321, 864, 4
47130, 18321, 535, 4
47155, 1506, 1714, 3
47204, 4503, 1529, 6
47213, 4503, 549, 0
47220, 4503, 1231, 1
47260, 4503, 467, 4
47280, 4503, 1231, 9
47286, 4503, 936, 0
47291, 23963, 476, 3
47294, 23963, 1434, 6
47331, 3803, 1279, 3
47343, 3803, 294, 0
47387, 3803, 476, 5
47407, 3803, 1184, 8
47414, 3803, 1336, 1
47431, 3803, 429, 1
47467, 3803, 513, 5
47491, 20930, 443, 4
47508, 20930, 429, 4
47545, 20930, 1116, 2
47572, 20930, 989, 4
47618, 20930, 1273, 0
47642, 20930, 1095, 7
47668, 1843, 1095, 6
47686, 1843, 989, 6
47733, 1843, 162, 0
47771, 5482, 974, 0
47809, 5482, 383, 1
47849, 5482, 549, 1
47889, 2463, 1596, 5
47919, 2463, 942, 7
47919, 2463, 1157, 2
47950, 2463, 635, 2
47996, 2463, 294, 1
48012, 13466, 294, 8
48013, 4464, 1041, 4
48048, 4464, 822, 0
48057, 4464, 1184, 0
48094, 4464, 1030, 1
48127, 4464, 415, 4
48133, 4464, 1304, 7
48173, 4464, 1561, 7
48195, 2544, 1680, 2
48218, 2544, 1596, 1
48225, 2544, 1446, 0
48251, 2544, 635, 4
48299, 19035, 728, 4
48316, 19035, 1273, 0
48335, 19035, 188, 4
48345, 19035, 467, 1
48363, 19035, 1529, 7
48369, 19035, 1714, 9
48407, 19035, 1336, 1
48422, 15184, 1446, 3
48468, 15184, 776, 1
48471, 15184, 336, 8
48512, 15184, 1143, 0
48550, 15495, 817, 0
48558, 15495, 1079, 2
48573, 15495, 822, 4
48621, 15495, 681, 5
48637, 15495, 49, 0
48658, 15495, 429, 3
48674, 15495, 1487, 3
48699, 18406, 535, 4
48717, 18406, 1279, 1
48723, 18406, 1336, 0
48759, 18406, 1596, 4
48773, 16673, 443, 6
48783, 16673, 1487, 3
48805, 23594, 1273, 7
48810, 23594, 1305, 9
48841, 23594, 936, 8
48890, 23594, 1434, 7
48890, 23594, 1393, 5
48919, 23594, 383, 5
48931, 23594, 989, 0
48953, 675, 220, 4
48954, 675, 1041, 5
48993, 675, 467, 4
49040, 675, 1041, 6
49071, 675, 822, 7
49075, 675, 1393, 1
49114, 675, 817, 9
49140, 1642, 189, 9
49161, 1642, 1561, 6
49176, 1642, 1116, 5
49192, 1642, 864, 0
49204, 9016, 936, 9
49220, 9016, 415, 7
49255, 9016, 1680, 4
49288, 9016, 1143, 6
49304, 20280, 1446, 5
49304, 20280, 1460, 8
49335, 20280, 220, 9
49363, 20280, 1561, 4
49369, 588, 1184, 1
49412, 588, 1022, 7
49433, 588, 1279, 9
49473, 588, 728, 2
49522, 19113, 1564, 8
49552, 19113, 586, 7
49597, 19113, 1431, 6
49621, 19113, 1143, 0
49646, 4984, 473, 0
49686, 4984, 91, 8
49707, 1450, 864, 6
49756, 1450, 1714, 4
49780, 1450, 1460, 9
49826, 1450, 1336, 2
49857, 1450, 1279, 3
49889, 1450, 1487, 1
49903, 1450, 974, 3
49946, 10513, 443, 8
49958, 10513, 132, 4
49976, 18922, 162, 9
50018, 18922, 974, 8
50032, 18922, 49, 9
50043, 11453, 989, 8
50083, 5302, 807, 1
50114, 5302, 162, 1
50126, 12625, 1431, 7
50161, 12625, 1304, 7
50182, 12625, 1487, 1
50193, 12625, 1487, 7
50234, 12625, 1596, 0
50276, 12625, 251, 3
50299, 12625, 1079, 7
50309, 4232, 1120, 2
50319, 4232, 383, 5
50346, 4232, 443, 3
50365, 4232, 1355, 5
50381, 17076, 1460, 9
50417, 17076, 1439, 5
50419, 17076, 894, 0
50420, 17076, 1680, 7
50421, 17076, 1355, 0
50441, 15739, 1030, 8
50447, 15739, 817, 1
50450, 19409, 1564, 7
50481, 19409, 447, 0
50499, 19409, 1336, 4
50532, 3470, 1460, 9
50580, 3470, 1279, 9
50589, 20256, 1041, 3
50636, 20256, 294, 2
50654, 14885, 429, 5
50657, 14885, 294, 3
50670, 14885, 132, 1
50674, 14885, 864, 0
50675, 271, 162, 3
50679, 271, 1157, 6
50705, 271, 1231, 9
50725, 20618, 1030, 5
50727, 20618, 91, 4
50761, 20618, 189, 6
50778, 20618, 1680, 4
50805, 20618, 220, 5
50846, 20618, 535, 6
50858, 20618, 817, 6
50895, 2008, 989, 1
50909, 20857, 974, 6
50915, 20857, 894, 1
50942, 20857, 188, 9
50948, 20857, 1143, 3
50973, 21787, 1305, 4
50984, 21787, 817, 1
51025, 21787, 1680, 7
51059, 21787, 807, 2
51071, 23855, 476, 4
51116, 23855, 220, 3
51153, 23855, 1596, 8
51180, 23855, 1714, 3
51188, 23855, 807, 1
51230, 23855, 1143, 2
51259, 23855, 1273, 5
51307, 20762, 1680, 5
51353, 20762, 226, 5
51364, 20762, 1095, 4
51369, 20762, 807, 7
51414, 5396, 1143, 8
51454, 5396, 136, 2
51460, 5396, 1095, 2
51502, 5396, 189, 7
51521, 9971, 1596, 5
51523, 9971, 864, 4
51553, 11202, 188, 8
51570, 11202, 1439, 8
51582, 11202, 1030, 9
51604, 11202, 91, 7
51638, 23715, 383, 6
51638, 23715, 132, 2
51650, 23715, 635, 7
51682, 23715, 132, 2
51691, 47, 974, 9
51699, 47, 1439, 7
51747, 47, 1439, 0
51768, 7072, 1596, 3
51811, 7072, 1564, 9
51856, 7072, 443, 6
51895, 7072, 1116, 8
51925, 7072, 383, 9
51935, 7072, 1529, 5
51938, 7072, 1157, 8
51970, 8854, 91, 0
51993, 8854, 467, 6
52041, 8854, 936, 0
52081, 13695, 1030, 3
52129, 13695, 189, 2
52142, 13695, 1355, 8
52187, 4649, 1434, 3
52190, 4649, 220, 6
52194, 19778, 1336, 3
52231, 19778, 1231, 9
52274, 19778, 1434, 5
52295, 19778, 942, 2
52334, 1727, 251, 7
52349, 1727, 136, 0
52359, 1727, 294, 7
52405, 1727, 188, 3
52434, 1727, 1561, 8
52480, 17831, 1434, 5
52503, 17831, 251, 7
52551, 1923, 776, 1
52588, 1923, 447, 3
52636, 1923, 336, 1
52675, 1923, 1434, 3
52677, 1923, 429, 2
52717, 1923, 415, 8
52757, 1923, 415, 4
52806, 9384, 476, 2
52839, 9384, 1431, 0
52875, 3588, 1561, 5
52895, 3588, 251, 9
52904, 3588, 1714, 5
52928, 3588, 162, 7
52971, 3588, 49, 3
52999, 3588, 383, 4
53041, 3588, 1095, 0
53085, 2917, 989, 4
53117, 2917, 1596, 6
53137, 2917, 822, 6
53172, 2917, 1273, 3
53174, 22609, 1143, 4
53176, 22609, 1279, 5
53223, 22609, 1304, 6
53258, 22609, 226, 0
53293, 22609, 586, 7
53309, 4579, 513, 2
53317, 4579, 226, 7
53342, 4579, 473, 4
53390, 4579, 1439, 5
53430, 4579, 1041, 9
53448, 4579, 1022, 9
53474, 4579, 586, 9
53504, 13813, 1030, 8
53524, 13813, 864, 0
53556, 13813, 894, 7
53576, 13813, 894, 0
53624, 13813, 1564, 4
53647, 12515, 91, 7
53688, 12515, 1561, 2
53730, 12515, 864, 4
53748, 12515, 1273, 3
53764, 12515, 467, 9
53767, 12515, 1231, 7
53775, 12515, 776, 0
53796, 96, 549, 0
53819, 96, 1095, 7
53862, 4045, 1714, 7
53906, 4045, 513, 6
53943, 4045, 728, 2
53983, 4045, 429, 8
54030, 4045, 443, 6
54064, 4045, 188, 8
54092, 11374, 1231, 3
54104, 11374, 989, 3
54124, 16449, 1393, 6
54136, 14847, 476, 2
54178, 14847, 1184, 7
54217, 14847, 817, 1
54259, 14847, 189, 8
54286, 14847, 1003, 8
54333, 7545, 467, 8
54351, 7545, 294, 6
54366, 7545, 132, 7
54414, 7545, 936, 6
54443, 9573, 1714, 2
54487, 9573, 681, 5
54535, 9573, 1120, 9
54578, 9573, 157, 6
54587, 9573, 1561, 0
54631, 9573, 1680, 3
54646, 14299, 1446, 0
54651, 14299, 1487, 2
54689, 14299, 189, 5
54710, 14299, 864, 6
54725, 17360, 942, 7
54735, 17360, 1431, 5
54753, 17360, 226, 1
54798, 17360, 1120, 9
54803, 17360, 1434, 1
54814, 19287, 1460, 2
54850, 19287, 807, 7
54852, 19287, 936, 7
54877, 19287, 473, 4
54895, 19287, 681, 3
54905, 5251, 989, 0
54910, 5251, 513, 3
54929, 5251, 443, 5
54977, 5251, 1305, 7
55006, 5251, 864, 3
55011, 5251, 1431, 9
55020, 6283, 136, 3
55034, 6283, 1273, 6
55044, 6283, 476, 8
55057, 6283, 1355, 1
55082, 6283, 1022, 3
55083, 6283, 728, 4
55098, 6283, 1279, 5
55138, 7483, 1095, 7
55182, 11329, 1120, 8
55222, 11329, 894, 0
55271, 11329, 1116, 0
55275, 11329, 1030, 6
55277, 11329, 1030, 8
55325, 11329, 728, 3
55372, 11329, 1529, 8
55413, 442, 188, 3
55427, 442, 251, 8
55430, 442, 1120, 2
55449, 442, 1279, 8
55484, 442, 447, 0
55497, 19859, 1596, 1
55532, 19859, 1446, 1
55568, 19859, 894, 4
55601, 19859, 447, 4
55618, 19859, 91, 1
55623, 15279, 226, 2
55658, 15279, 1079, 0
55666, 15279, 1393, 2
55681, 15279, 549, 5
55725, 15279, 1184, 1
55766, 15279, 91, 4
55784, 15279, 1487, 0
55795, 12433, 989, 3
55820, 12433, 1355, 1
55832, 12433, 188, 4
55847, 12433, 1273, 1
55865, 12433, 1116, 7
55900, 12433, 49, 9
55912, 1276, 1120, 9
55961, 15089, 535, 7
55978, 13887, 1120, 2
56026, 13887, 535, 5
56067, 24113, 1714, 2
56094, 21914, 1116, 9
56135, 11904, 1143, 4
56141, 11904, 1143, 0
56144, 11904, 132, 2
56190, 11904, 1564, 9
56238, 11904, 1143, 0
56250, 16476, 586, 4
56292, 16476, 1393, 4
56298, 22500, 1030, 1
56345, 13004, 49, 2
56364, 13004, 1434, 7
56383, 5651, 1434, 2
56404, 5651, 1184, 7
56447, 5651, 1393, 3
56456, 23137, 1273, 7
56481, 23137, 1714, 6
56502, 23137, 817, 4
56526, 23137, 1305, 4
56571, 23137, 429, 5
56581, 5190, 1680, 7
56592, 5190, 1680, 0
56609, 5190, 162, 4
56650, 5190, 513, 0
56662, 5190, 473, 6
56690, 5190, 807, 9
56728, 10312, 1003, 3
56729, 10950, 1143, 5
56760, 10950, 535, 6
56769, 10950, 776, 7
56770, 10950, 942, 9
56786, 7580, 1393, 1
56824, 7580, 1079, 1
56857, 7580, 894, 3
56863, 6591, 1003, 4
56867, 6591, 989, 9
56901, 6591, 1143, 0
56948, 6591, 681, 0
56982, 6591, 467, 0
57009, 6591, 383, 5
57011, 15142, 728, 6
57050, 15142, 294, 8
57051, 15142, 220, 7
57088, 15142, 635, 5
57104, 3037, 1355, 1
57133, 3037, 162, 5
57181, 3037, 974, 2
57189, 988, 989, 6
57189, 988, 1120, 7
57193, 988, 132, 2
57203, 988, 681, 3
57248, 988, 294, 3
57297, 988, 1643, 0
57306, 988, 1079, 2
57325, 4788, 91, 6
57354, 616, 822, 7
57398, 616, 1304, 5
57433, 616, 1003, 8
57433, 2879, 1305, 0
57447, 2879, 473, 1
57447, 2879, 443, 7
57481, 2879, 1079, 3
57523, 18130, 447, 1
57563, 18130, 476, 6
57604, 18130, 294, 3
57641, 18130, 535, 4
57656, 18130, 1529, 2
57670, 18130, 132, 6
57712, 18130, 91, 9
57758, 10492, 383, 5
57778, 10492, 1564, 9
57818, 10492, 1079, 3
57853, 20750, 728, 6
57894, 20750, 1460, 2
57934, 20750, 336, 5
57952, 11735, 1184, 8
57988, 11735, 336, 5
57990, 11735, 635, 5
58025, 8103, 91, 6
58031, 8103, 1116, 0
58042, 8103, 1596, 6
58050, 8103, 226, 1
58084, 8103, 817, 3
58115, 23993, 974, 2
58155, 23993, 132, 8
58175, 23993, 383, 2
58177, 23993, 467, 2
58179, 23993, 513, 6
58209, 23993, 157, 0
58244, 23993, 1439, 2
58268, 7201, 1460, 4
58308, 7201, 681, 6
58347, 10819, 1095, 0
58377, 10819, 136, 7
58377, 10819, 467, 2
58426, 10819, 1460, 8
58433, 10819, 1273, 3
58470, 10819, 1030, 1
58482, 16752, 776, 2
58523, 16752, 1529, 6
58563, 16752, 1030, 3
58563, 16752, 1116, 1
58603, 16752, 1564, 2
58644, 16752, 1564, 7
58678, 4933, 1003, 9
58683, 4933, 415, 8
58687, 4933, 1041, 1
58721, 4933, 549, 9
58763, 4933, 91, 7
58794, 4933, 681, 3
58814, 4933, 586, 8
58858, 5027, 189, 2
58904, 5027, 1439, 4
58910, 5027, 1596, 2
58948, 5027, 383, 5
58978, 5027, 1231, 3
58989, 18033, 336, 1
58997, 18033, 1393, 9
59015, 18033, 1116, 7
59060, 18033, 1305, 1
59083, 18033, 1596, 1
59105, 8048, 162, 8
59149, 8048, 535, 1
59183, 8048, 1116, 9
59229, 8048, 1460, 8
59247, 8048, 429, 0
59267, 8048, 1030, 0
59290, 18875, 894, 2
59298, 18875, 383, 9
59340, 9463, 549, 3
59354, 9463, 1434, 2
59391, 12239, 1022, 9
59435, 17097, 1304, 9
59471, 17097, 586, 4
59513, 17097, 1643, 7
59537, 17496, 1305, 2
59567, 17496, 1120, 4
59575, 17496, 1336, 7
59618, 11909, 336, 7
59627, 11909, 1596, 1
59647, 11909, 1596, 3
59651, 11909, 1279, 8
59685, 11909, 429, 8
59724, 11909, 974, 4
59771, 1629, 1487, 3
59779, 1629, 549, 1
59828, 1629, 822, 9
59852, 1629, 473, 1
59900, 1629, 807, 2
59941, 1629, 336, 1
59941, 15875, 1336, 1
59974, 15875, 447, 1
60009, 15875, 513, 4
60036, 20080, 1439, 0
60052, 20080, 1022, 2
60079, 20080, 681, 8
60099, 20080, 1529, 6
60106, 20080, 476, 9
60136, 10379, 635, 8
60152, 10379, 1446, 1
60165, 10379, 1439, 5
60174, 10379, 894, 7
60206, 4203, 817, 6
60225, 4203, 1041, 4
60249, 17668, 1079, 6
60281, 15511, 91, 2
60317, 15511, 681, 2
60349, 15511, 1120, 8
60369, 15511, 822, 2
60382, 15511, 894, 9
60404, 15511, 535, 2
60427, 23194, 189, 6
60455, 23194, 91, 9
60464, 23194, 586, 2
60479, 23194, 635, 1
60482, 23194, 728, 7
60482, 23194, 1003, 7
60524, 16790, 1446, 2
60555, 16790, 989, 3
60566, 16790, 1120, 1
60577, 16790, 1022, 0
60595, 8708, 513, 9
60634, 20524, 681, 1
60655, 20524, 91, 4
60701, 20524, 415, 7
60717, 20524, 894, 5
60740, 20524, 807, 0
60766, 20524, 1680, 3
60808, 14660, 1003, 1
60816, 18482, 1643, 3
60835, 18482, 942, 1
60855, 18482, 1564, 2
60882, 11087, 476, 7
60926, 19344, 443, 1
60956, 19344, 1273, 1
60990, 19344, 443, 8
61019, 19344, 1279, 8
61064, 19344, 1643, 8
61082, 19344, 443, 2
61087, 19344, 1434, 7
61115, 5282, 817, 7
61148, 5282, 1434, 6
61182, 5282, 188, 8
61214, 2863, 1564, 6
61247, 2863, 817, 8
61267, 2863, 635, 6
61287, 2863, 1157, 1
61305, 2863, 1564, 8
61345, 2863, 1561, 5
61373, 2863, 1596, 8
61399, 14978, 1336, 5
61443, 14978, 220, 2
61465, 14978, 162, 6
61474, 15473, 162, 2
61515, 15473, 473, 0
61531, 15473, 294, 2
61548, 15473, 1439, 2
61580, 13326, 1157, 4
61615, 13326, 894, 3
61653, 13326, 447, 1
61700, 13326, 1079, 1
61729, 13326, 1116, 1
61736, 13326, 894, 7
61758, 13326, 1305, 3
61801, 16499, 936, 5
61846, 16499, 936, 8
61866, 16499, 1487, 1
61877, 16499, 1561, 5
61895, 16499, 1273, 9
61902, 16499, 1434, 5
61917, 16499, 132, 3
61956, 10001, 132, 3
61983, 10001, 91, 2
62004, 5158, 1003, 3
62017, 10079, 429, 9
62059, 10079, 1022, 8
62076, 10079, 1030, 9
62091, 10079, 336, 5
62099, 10079, 974, 4
62138, 10079, 162, 8
62182, 13318, 294, 8
62184, 15635, 1336, 1
62225, 15635, 1336, 3
62262, 7951, 1596, 7
62274, 1939, 220, 6
62279, 1939, 1529, 8
62303, 1939, 822, 0
62314, 9352, 1231, 1
62362, 9352, 336, 8
62385, 9352, 635, 0
62394, 9352, 822, 7
62422, 9352, 586, 8
62456, 9352, 476, 5
62473, 9352, 189, 7
62506, 16473, 1305, 4
62546, 16473, 1184, 8
62550, 16473, 974, 8
62567, 16473, 942, 8
62592, 4712, 1446, 1
62633, 4712, 1022, 3
62651, 4712, 473, 4
62700, 20701, 974, 2
62749, 20701, 1336, 7
62787, 20701, 157, 9
62818, 20701, 1116, 3
62867, 21548, 188, 4
62880, 21548, 989, 8
62892, 7611, 429, 3
62917, 7611, 1184, 2
62961, 7611, 383, 7
62985, 7611, 535, 9
63017, 7611, 1680, 9
63041, 7611, 226, 7
63080, 13786, 188, 7
63101, 13786, 864, 6
63142, 5991, 822, 7
63183, 5991, 535, 6
63222, 5991, 728, 9
63270, 5991, 1041, 2
63316, 7919, 1030, 0
63335, 7919, 132, 0
63374, 7919, 473, 7
63388, 7919, 817, 8
63404, 7919, 1143, 7
63443, 19752, 817, 9
63482, 19752, 942, 1
63511, 19752, 162, 1
63549, 19752, 513, 8
63567, 19752, 1079, 6
63573, 19752, 1231, 9
63595, 19752, 989, 2
63602, 3291, 220, 9
63608, 3291, 1304, 8
63624, 3291, 1304, 1
63659, 3291, 936, 9
63680, 3291, 1305, 4
63693, 3291, 681, 7
63725, 17413, 91, 0
63736, 17413, 1279, 4
63766, 17413, 1157, 4
63814, 13592, 251, 1
63823, 13592, 822, 3
63868, 13592, 429, 4
63878, 13592, 1714, 0
63907, 13592, 1079, 8
63947, 3825, 1079, 0
63954, 8525, 1393, 3
63983, 8525, 822, 3
64013, 8525, 1120, 1
64028, 8525, 681, 3
64042, 6570, 1231, 7
64083, 14955, 476, 3
64094, 12141, 974, 1
64130, 9425, 226, 1
64153, 9425, 1304, 0
64164, 5304, 447, 3
64209, 19577, 1561, 9
64237, 19577, 443, 5
64268, 23603, 1596, 5
64287, 9931, 864, 3
64332, 9931, 1184, 4
64362, 9931, 1120, 3
64375, 6038, 1714, 3
64398, 6038, 473, 5
64412, 6038, 1116, 4
64415, 16771, 1279, 1
64424, 16771, 942, 7
64455, 16771, 1079, 1
64455, 16771, 1095, 6
64471, 16771, 1393, 9
64516, 16771, 415, 2
64546, 16771, 513, 3
64549, 1187, 1434, 6
64563, 1187, 1355, 0
64572, 1187, 807, 2
64581, 1187, 447, 4
64624, 1187, 635, 9
64650, 1187, 443, 8
64695, 1187, 1355, 1
64734, 10574, 1120, 2
64755, 10574, 1304, 7
64771, 10574, 1304, 1
64788, 10574, 1431, 7
64835, 10574, 974, 7
64866, 10574, 1231, 3
64894, 10574, 1003, 8
64928, 287, 294, 2
64945, 287, 1643, 5
64964, 287, 476, 9
64970, 14699, 383, 2
64980, 14699, 1143, 8
65024, 14699, 415, 5
65031, 17589, 1460, 9
65059, 17589, 226, 5
65093, 17589, 162, 3
65107, 22645, 807, 9
65131, 22645, 681, 6
65178, 22645, 1273, 2
65210, 22645, 894, 5
65229, 22645, 1529, 9
65271, 22645, 1393, 7
65309, 22096, 586, 6
65330, 22096, 1431, 4
65339, 16730, 429, 8
65352, 16730, 586, 5
65380, 16730, 1184, 3
65389, 16730, 476, 2
65402, 16730, 1596, 3
65408, 16730, 681, 6
65447, 16730, 1487, 7
65453, 23091, 681, 8
65458, 23091, 807, 3
65494, 23091, 586, 6
65529, 23091, 157, 8
65556, 4343, 1529, 5
65579, 4343, 1431, 3
65622, 4343, 1561, 0
65631, 4343, 1336, 4
65653, 4343, 1336, 4
65692, 4343, 220, 3
65712, 7859, 447, 6
65751, 7859, 864, 4
65760, 7859, 728, 5
65787, 7859, 1095, 8
65821, 7368, 447, 6
65841, 7368, 447, 2
65858, 7368, 1439, 2
65868, 10750, 91, 0
65882, 10750, 1041, 4
65914, 10750, 1273, 6
65934, 10750, 1143, 0
65946, 10750, 226, 5
65992, 10750, 894, 8
66005, 10750, 728, 0
66046, 22143, 294, 9
66046, 22143, 473, 9
66066, 22143, 1487, 4
66087, 2567, 989, 8
66124, 2567, 1279, 3
66139, 14532, 535, 0
66142, 16074, 635, 7
66176, 16074, 429, 8
66201, 7082, 1393, 6
66220, 3259, 807, 4
66227, 3259, 251, 4
66257, 3259, 942, 6
66302, 3259, 429, 7
66304, 2646, 1079, 6
66304, 2646, 1116, 9
66328, 2646, 942, 3
66331, 22184, 1095, 5
66343, 22184, 415, 5
66373, 22184, 1434, 3
66386, 22184, 1561, 5
66400, 7351, 1596, 3
66419, 7351, 1446, 4
66446, 7351, 1304, 8
66457, 7351, 1157, 0
66466, 7351, 1184, 0
66494, 7351, 549, 9
66540, 11678, 226, 1
66564, 11678, 549, 2
66604, 11678, 1434, 0
66633, 17715, 776, 0
66646, 17715, 1434, 3
66677, 17715, 728, 8
66716, 17715, 162, 0
66731, 17715, 294, 8
66776, 5247, 91, 4
66820, 9665, 447, 1
66848, 9665, 1434, 2
66876, 9665, 1030, 8
66909, 9665, 1120, 2
66939, 9665, 476, 2
66978, 9665, 136, 7
67012, 9665, 1305, 9
67038, 6127, 822, 4
67082, 6127, 586, 8
67125, 6127, 294, 3
67151, 6127, 1273, 8
67173, 6127, 728, 3
67195, 6087, 1446, 0
67219, 6087, 635, 2
67236, 6087, 1304, 3
67280, 6087, 1041, 0
67326, 6087, 1157, 2
67336, 13327, 894, 1
67366, 13327, 1446, 4
67401, 7814, 864, 8
67432, 7814, 1596, 4
67450, 926, 1714, 5
67474, 15177, 1529, 8
67478, 15177, 681, 6
67487, 15177, 1003, 7
67524, 15177, 162, 7
67559, 6676, 1487, 3
67579, 6676, 1596, 1
67612, 6676, 294, 9
67615, 6676, 1304, 2
67627, 6676, 1680, 9
67658, 6676, 383, 6
67701, 22402, 586, 8
67722, 22402, 383, 1
67743, 22402, 1157, 6
67753, 22402, 864, 0
67753, 22402, 189, 1
67778, 17050, 728, 6
67814, 442, 1273, 9
67825, 442, 1561, 6
67834, 442, 383, 8
67858, 442, 443, 8
67866, 442, 415, 7
67883, 442, 251, 8
67910, 442, 549, 8
67951, 16652, 447, 9
67982, 16652, 294, 4
68026, 16652, 1022, 4
68038, 16652, 1003, 4
68039, 16652, 807, 3
68085, 16652, 1157, 3
68117, 19114, 220, 2
68117, 19114, 1030, 7
68124, 19114, 226, 7
68155, 18655, 513, 8
68175, 18655, 1714, 5
68176, 18655, 226, 9
68178, 18655, 189, 7
68223, 18655, 1355, 5
68253, 18655, 443, 2
68301, 18655, 188, 6
68306, 15942, 817, 3
68312, 15942, 894, 2
68346, 15942, 336, 2
68349, 15942, 1279, 6
68361, 22709, 1529, 7
68389, 22709, 635, 3
68390, 22709, 1434, 4
68428, 22709, 447, 1
68452, 22709, 1116, 6
68491, 22709, 807, 7
68512, 22709, 1336, 3
68513, 19506, 942, 5
68529, 19506, 132, 0
68560, 19506, 513, 8
68604, 14933, 91, 4
68653, 13530, 476, 5
68658, 13530, 189, 6
68676, 13530, 1231, 5
68721, 13530, 1596, 6
68757, 13530, 443, 7
68782, 13530, 1564, 0
68813, 2594, 415, 0
68813, 2594, 1095, 7
68842, 2594, 1680, 5
68887, 20892, 1596, 5
68926, 20892, 1184, 4
68934, 20892, 91, 2
68934, 20892, 817, 7
68970, 20892, 189, 1
68997, 4018, 1596, 8
69046, 4018, 415, 5
69075, 4018, 1596, 2
69098, 4018, 447, 9
69137, 4018, 1355, 7
69148, 4018, 822, 5
69178, 22296, 1030, 3
69188, 22296, 1355, 5
69234, 22296, 1564, 4
69240, 22296, 251, 4
69270, 22296, 1446, 4
69284, 22296, 188, 1
69286, 22296, 1561, 5
69287, 22545, 383, 7
69324, 11024, 220, 9
69339, 11024, 132, 6
69354, 11024, 383, 6
69396, 11024, 1643, 4
69443, 2145, 728, 6
69450, 2145, 1041, 2
69482, 2145, 822, 2
69506, 7755, 1305, 8
69533, 23504, 162, 1
69534, 23504, 251, 1
69547, 23504, 162, 8
69550, 23504, 1157, 8
69566, 23504, 681, 8
69583, 9702, 443, 6
69625, 22916, 817, 3
69653, 22916, 1041, 0
69675, 22916, 942, 9
69718, 22916, 1446, 7
69738, 22916, 1304, 4
69779, 22916, 942, 5
69823, 22916, 1279, 4
69852, 718, 942, 1
69884, 718, 1003, 4
69912, 718, 1003, 9
69921, 718, 635, 2
69949, 19930, 1434, 7
69974, 19930, 189, 7
69988, 19930, 132, 9
69991, 17729, 1041, 4
70009, 19148, 1231, 1
70009, 19148, 1487, 4
70049, 19148, 294, 5
70070, 19148, 429, 5
70092, 19148, 429, 6
70105, 19148, 1446, 1
70119, 22164, 1116, 0
70125, 22164, 415, 5
70154, 22164, 91, 1
70160, 22164, 1439, 7
70201, 22164, 415, 2
70219, 8731, 822, 8
70246, 8731, 894, 7
70261, 8731, 549, 8
70268, 22981, 1714, 6
70290, 22981, 681, 6
70309, 22981, 1680, 7
70329, 22981, 1143, 5
70358, 2815, 1431, 2
70375, 2815, 1460, 5
70383, 2815, 1434, 9
70384, 2815, 1022, 1
70404, 2815, 1714, 8
70411, 2815, 476, 4
70455, 18956, 383, 5
70455, 18956, 1022, 0
70477, 18956, 1231, 0
70478, 18956, 1030, 7
70516, 15038, 1079, 8
70546, 15038, 1143, 4
70588, 15038, 1273, 2
70600, 15038, 1143, 2
70622, 15038, 586, 8
70627, 15038, 1680, 2
70652, 5217, 807, 1
70696, 5217, 549, 1
70733, 5217, 383, 7
70754, 5217, 443, 1
70779, 5217, 467, 5
70827, 5217, 974, 3
70860, 19824, 251, 1
70873, 5847, 220, 7
70890, 5847, 336, 9
70923, 5847, 136, 2
70964, 16118, 989, 4
70964, 16118, 864, 8
70990, 16118, 1003, 7
71000, 16118, 220, 7
71001, 16118, 1446, 2
71015, 16118, 1079, 3
71033, 16118, 1143, 6
71081, 2384, 467, 1
71104, 13002, 586, 7
71151, 13002, 157, 4
71153, 13002, 1030, 3
71183, 13002, 1143, 2
71185, 3976, 681, 1
71229, 3976, 586, 0
71263, 3976, 1393, 3
71305, 12526, 188, 0
71338, 12526, 220, 6
71351, 12526, 336, 3
71378, 12526, 1561, 6
71394, 12526, 1304, 4
71433, 12526, 681, 9
71473, 23658, 429, 4
71506, 23658, 294, 8
71529, 23658, 936, 3
71558, 23658, 251, 5
71604, 23658, 1487, 3
71648, 23658, 1231, 0
71685, 23944, 1434, 8
71729, 23944, 1157, 2
71745, 23944, 447, 7
71756, 23944, 1116, 7
71780, 23944, 91, 1
71794, 16567, 189, 1
71794, 16567, 1030, 5
71811, 16567, 1643, 1
71814, 16567, 1336, 1
71861, 16567, 1022, 9
71865, 16567, 1304, 2
71903, 9366, 817, 9
71945, 9366, 1116, 2
71985, 9366, 1304, 9
72015, 9366, 586, 4
72017, 9366, 1305, 6
72045, 20835, 1460, 6
72074, 20835, 1714, 3
72120, 20835, 1561, 7
72121, 20835, 1596, 1
72166, 20835, 1095, 2
72169, 20835, 162, 8
72186, 20835, 1120, 5
72211, 18618, 1446, 4
72224, 2718, 1643, 7
72241, 2718, 989, 0
72271, 2718, 415, 6
72313, 2718, 1079, 7
72349, 2718, 415, 2
72358, 2718, 1003, 0
72363, 2718, 681, 9
72409, 13165, 549, 2
72422, 13165, 1596, 2
72449, 7686, 415, 4
72470, 10527, 989, 1
72479, 10527, 535, 0
72513, 19669, 1596, 6
72546, 19669, 1564, 0
72574, 19669, 1529, 0
72598, 19669, 1355, 0
72647, 17379, 336, 0
72669, 17379, 1529, 3
72704, 17379, 383, 2
72726, 17379, 443, 6
72740, 21871, 974, 6
72781, 21871, 447, 3
72793, 21871, 473, 6
72812, 21871, 220, 2
72859, 21871, 467, 0
72891, 21871, 91, 4
72897, 8586, 1030, 9
72940, 8586, 1003, 7
72957, 8586, 549, 8
73001, 8586, 476, 7
73024, 8586, 1529, 4
73066, 8586, 942, 8
73076, 20000, 1079, 1
73103, 20000, 1041, 9
73110, 20000, 1279, 7
73142, 20000, 776, 5
73166, 20000, 1231, 8
73206, 20000, 776, 2
73251, 20000, 447, 5
73284, 419, 220, 4
73332, 419, 1564, 2
73347, 419, 1305, 1
73353, 419, 429, 6
73373, 419, 1487, 7
73375, 419, 383, 0
73405, 419, 476, 5
73435, 2503, 1446, 3
73439, 15112, 91, 0
73476, 15112, 132, 3
73512, 17963, 1393, 1
73535, 17963, 586, 2
73559, 17963, 415, 8
73565, 8803, 1022, 5
73592, 8803, 681, 7
73628, 8803, 1434, 8
73630, 8803, 1184, 0
73674, 8803, 974, 2
73700, 8803, 1529, 8
73714, 6504, 586, 9
73720, 6504, 635, 5
73731, 6504, 1487, 8
73780, 6504, 1079, 3
73780, 6504, 157, 3
73810, 6504, 1273, 0
73829, 6504, 1336, 0
73834, 11186, 942, 2
73852, 11186, 635, 9
73881, 11186, 817, 5
73899, 11186, 1446, 0
73922, 11186, 162, 4
73957, 11186, 1231, 4
73981, 11186, 132, 4
74028, 10409, 1003, 2
74068, 10409, 1120, 3
74087, 10409, 807, 1
74131, 10409, 447, 5
74143, 10409, 162, 1
74152, 20115, 1116, 2
74168, 20115, 894, 7
74207, 20115, 942, 7
74240, 3255, 136, 1
74285, 3255, 1564, 3
74286, 3255, 91, 9
74326, 3255, 447, 5
74367, 3255, 467, 5
74398, 3255, 1231, 5
74442, 19187, 1184, 8
74477, 19187, 1079, 3
74488, 19187, 49, 0
74504, 19187, 157, 1
74532, 7897, 467, 9
74575, 7897, 1643, 4
74617, 7897, 1231, 6
74638, 7897, 220, 5
74660, 10809, 1030, 3
74676, 10809, 476, 0
74680, 10809, 817, 6
74714, 10809, 1596, 4
74714, 10809, 1305, 0
74763, 10809, 1487, 8
74801, 12743, 1355, 3
74835, 12743, 136, 9
74870, 12743, 473, 0
74895, 18836, 1680, 4
74914, 18836, 136, 4
74949, 18836, 1564, 4
74985, 18836, 989, 9
75014, 18836, 1336, 8
75033, 18836, 1564, 8
75069, 18836, 513, 5
75070, 17539, 1460, 2
75079, 17539, 513, 3
75110, 17539, 1714, 0
75137, 17539, 681, 8
75148, 17539, 157, 5
75167, 17539, 132, 5
75209, 17539, 1273, 2
75222, 23542, 136, 5
75228, 23542, 415, 1
75238, 23542, 1003, 8
75240, 23542, 822, 6
75280, 23542, 1561, 1
75308, 23542, 1487, 0
75326, 3337, 1564, 1
75360, 3337, 1596, 7
75368, 3337, 476, 7
75416, 3337, 635, 0
75440, 3337, 1460, 8
75486, 3337, 1157, 6
75518, 3337, 1116, 3
75562, 21006, 91, 0
75569, 21006, 586, 1
75576, 21006, 1643, 7
75600, 21006, 1446, 9
75619, 18605, 294, 2
75621, 18605, 1355, 3
75636, 18605, 942, 6
75651, 18605, 49, 0
75689, 18605, 1157, 7
75694, 18605, 728, 7
75718, 18605, 681, 8
75741, 4531, 467, 2
75742, 4531, 1529, 1
75756, 4531, 635, 9
75766, 4531, 476, 9
75810, 3089, 1460, 8
75811, 3089, 535, 5
75814, 11518, 1393, 5
75833, 11518, 936, 3
75867, 11518, 336, 9
75891, 11518, 1336, 4
75918, 11518, 1336, 0
75923, 11518, 817, 7
75967, 11518, 586, 8
75973, 1682, 1643, 0
75974, 15078, 1157, 9
75984, 15078, 822, 3
76000, 15078, 1304, 3
76027, 15078, 1116, 2
76043, 15078, 467, 0
76052, 23821, 226, 8
76054, 23821, 188, 5
76090, 23821, 549, 1
76101, 23821, 1157, 5
76143, 6578, 1273, 9
76159, 23207, 776, 8
76201, 23207, 91, 4
76249, 23090, 1079, 3
76255, 23090, 1304, 9
76255, 23090, 1680, 3
76274, 23090, 162, 9
76285, 23090, 817, 5
76328, 23090, 1143, 8
76376, 14781, 549, 3
76417, 14781, 49, 8
76456, 14781, 1336, 2
76500, 14781, 467, 5
76537, 14781, 1041, 1
76568, 21507, 429, 0
76586, 21507, 635, 1
76628, 21507, 1439, 6
76637, 21507, 1446, 4
76659, 21507, 443, 4
76665, 21507, 1003, 4
76674, 13093, 1680, 8
76676, 13093, 894, 2
76691, 13093, 635, 2
76700, 13093, 1022, 5
76703, 13093, 1120, 5
76723, 12272, 1143, 5
76756, 12272, 1279, 6
76756, 12272, 415, 9
76775, 12272, 1434, 4
76806, 12272, 894, 0
76842, 12272, 1116, 4
76866, 1009, 447, 8
76873, 1009, 1446, 9
76885, 1009, 681, 1
76895, 1009, 294, 1
76925, 1009, 467, 8
76936, 1009, 864, 2
76972, 1009, 1022, 9
76986, 16433, 942, 1
76998, 16433, 476, 0
77047, 16433, 1095, 9
77080, 16433, 586, 1
77094, 16433, 989, 8
77139, 16433, 1305, 8
77171, 16433, 1304, 3
77187, 9324, 1143, 3
77198, 20186, 132, 9
77211, 20186, 1434, 3
77235, 23712, 294, 3
77252, 23024, 1596, 9
77293, 23024, 549, 9
77314, 23024, 443, 0
77315, 23024, 1355, 6
77351, 23024, 1529, 7
77364, 23024, 1305, 5
77372, 23024, 336, 3
77390, 11530, 942, 5
77438, 11530, 1003, 6
77468, 11530, 586, 7
77469, 11498, 1529, 0
77496, 24111, 728, 2
77515, 24111, 974, 5
77549, 24111, 1022, 9
77559, 24111, 415, 0
77565, 24111, 1022, 9
77573, 22454, 1079, 9
77594, 22454, 1279, 9
77639, 22454, 1079, 0
77678, 22454, 1116, 7
77679, 22454, 429, 9
77690, 22454, 132, 2
77698, 2491, 1439, 3
77716, 2491, 1564, 8
77719, 2491, 1273, 2
77755, 2491, 336, 7
77796, 2491, 1460, 3
77802, 2491, 157, 5
77809, 2491, 1030, 0
77841, 21462, 1680, 0
77855, 21462, 1095, 9
77858, 21462, 1273, 2
77869, 21462, 1355, 3
77883, 12858, 1336, 2
77927, 9397, 807, 3
77951, 9397, 635, 1
77989, 3547, 822, 0
77991, 3547, 1529, 8
78027, 3547, 1561, 9
78066, 3547, 1120, 7
78067, 3547, 447, 9
78096, 3547, 1643, 2
78117, 3547, 936, 9
78149, 6222, 1157, 0
78158, 6222, 681, 3
78179, 6222, 1561, 9
78190, 6222, 132, 0
78213, 6222, 1120, 9
78226, 14805, 188, 3
78250, 14805, 157, 4
78274, 14805, 535, 5
78295, 14805, 1095, 2
78303, 15478, 989, 5
78326, 15478, 1041, 0
78363, 15478, 549, 9
78365, 15478, 1714, 6
78403, 15478, 1116, 9
78425, 15478, 429, 3
78425, 15478, 1355, 9
78473, 14115, 1079, 7
78500, 14115, 467, 8
78542, 14115, 1030, 9
78568, 14115, 467, 0
78604, 14115, 1393, 6
78652, 123, 1434, 6
78672, 123, 728, 0
78718, 123, 681, 8
78760, 123, 1003, 8
78782, 123, 1273, 7
78811, 123, 1305, 7
78835, 3012, 383, 9
78854, 3012, 942, 9
78875, 3012, 817, 2
78912, 3012, 513, 7
78920, 3012, 776, 2
78931, 3012, 226, 4
78971, 3012, 251, 8
78982, 21244, 1003, 8
79015, 21244, 942, 7
79054, 21244, 415, 4
79098, 21244, 1460, 5
79114, 2680, 1431, 7
79161, 2680, 49, 5
79209, 2680, 336, 4
79257, 2680, 894, 7
79281, 2680, 1030, 9
79286, 357, 49, 4
79328, 357, 817, 1
79349, 357, 1529, 6
79384, 357, 1279, 2
79387, 21392, 1561, 4
79422, 21392, 1231, 1
79448, 21392, 188, 1
79496, 14347, 226, 6
79540, 14347, 220, 0
79555, 12068, 132, 1
79558, 12068, 974, 3
79580, 12068, 136, 4
79613, 12068, 251, 0
79616, 12068, 476, 5
79645, 12068, 1095, 5
79654, 18343, 1680, 8
79664, 18343, 157, 4
79670, 11139, 1273, 5
79680, 11139, 1596, 9
79719, 11139, 535, 8
79726, 11139, 1680, 5
79726, 11139, 894, 0
79770, 11139, 162, 5
79781, 669, 822, 8
79786, 669, 251, 8
79808, 669, 1231, 3
79852, 669, 1529, 3
79860, 18559, 1529, 2
79875, 14318, 817, 2
79882, 14318, 1022, 6
79930, 14318, 226, 4
79959, 14318, 1434, 2
79992, 14318, 1079, 6
80029, 21279, 1003, 7
80073, 21279, 476, 0
80099, 18336, 294, 8
80110, 18336, 864, 2
80140, 18336, 189, 3
80153, 18336, 1434, 7
80194, 18336, 728, 3
80217, 11648, 1564, 3
80227, 11648, 1596, 7
80262, 11648, 1355, 4
80283, 11648, 447, 3
80311, 11648, 864, 3
80315, 16952, 1273, 3
80339, 16952, 1434, 2
80361, 16952, 1041, 5
80369, 2909, 776, 9
80387, 16499, 443, 6
80410, 16499, 1431, 8
80453, 16499, 189, 3
80477, 20971, 1564, 0
80490, 20971, 1305, 1
80512, 20971, 336, 1
80546, 20971, 1529, 5
80579, 20971, 1434, 5
80618, 20971, 989, 2
80657, 3679, 1393, 3
80697, 3679, 1596, 6
80729, 3679, 1446, 1
80743, 10487, 294, 3
80790, 10487, 1041, 6
80807, 10487, 1305, 5
80808, 10487, 188, 2
80839, 10487, 1487, 0
80869, 10487, 1446, 7
80897, 10487, 1336, 2
80928, 12325, 476, 7
80942, 24148, 1714, 6
80975, 24148, 728, 2
80980, 24148, 1680, 2
80980, 15247, 989, 6
81026, 15247, 294, 4
81033, 15247, 1273, 2
81059, 15247, 162, 1
81100, 15247, 1434, 6
81137, 15247, 822, 4
81153, 15247, 189, 2
81197, 21229, 1564, 2
81242, 21229, 989, 0
81268, 21229, 1355, 0
81288, 21229, 974, 3
81309, 21229, 549, 9
81323, 7407, 1143, 4
81371, 7407, 1279, 2
81415, 7407, 1596, 9
81450, 7407, 1116, 6
81456, 7407, 476, 4
81470, 7407, 1434, 2
81484, 3155, 1431, 4
81514, 3155, 294, 7
81529, 3155, 188, 7
81572, 3155, 220, 6
81582, 3155, 1431, 2
81595, 3155, 1564, 6
81633, 24197, 336, 0
81673, 24197, 189, 9
81709, 24197, 1596, 1
81733, 24197, 1564, 3
81738, 20184, 513, 9
81739, 20184, 136, 9
81781, 20184, 1143, 0
81823, 23389, 336, 9
81846, 23389, 1304, 8
81871, 23389, 936, 4
81901, 23389, 681, 5
81944, 23389, 1022, 0
81956, 23389, 473, 5
81989, 23440, 443, 4
82007, 23440, 864, 1
82016, 23440, 1079, 6
82024, 23440, 467, 0
82070, 23440, 1446, 5
82082, 23440, 822, 5
82088, 23440, 1184, 9
82094, 18392, 226, 9
82095, 18392, 1434, 8
82125, 18392, 1561, 6
82157, 18392, 220, 8
82184, 23419, 1529, 7
82194, 23419, 132, 4
82200, 23419, 251, 1
82223, 23419, 1336, 4
82259, 23419, 157, 1
82263, 23419, 936, 0
82300, 23419, 776, 1
82327, 17479, 1304, 6
82364, 17479, 136, 3
82400, 17479, 1643, 3
82429, 17479, 1431, 7
82430, 7672, 513, 1
82435, 7672, 251, 3
82446, 7672, 894, 7
82476, 7672, 1305, 6
82496, 7128, 1003, 6
82497, 7128, 1095, 8
82529, 7128, 189, 7
82541, 7128, 535, 8
82546, 7128, 294, 7
82561, 7128, 1279, 1
82588, 7128, 989, 7
82624, 7363, 989, 2
82636, 7363, 188, 8
82676, 7363, 1003, 8
82709, 7363, 1714, 3
82753, 7363, 415, 4
82758, 10668, 1022, 9
82782, 10668, 817, 6
82815, 24231, 1279, 9
82861, 11942, 1564, 7
82898, 11942, 383, 6
82946, 11942, 1273, 3
82962, 11942, 226, 1
82997, 7001, 1231, 4
83031, 7001, 251, 9
83071, 7001, 974, 9
83119, 7001, 1003, 4
83148, 7001, 189, 4
83169, 13340, 1079, 4
83207, 13340, 1030, 1
83227, 13340, 681, 8
83263, 13340, 415, 0
83294, 13340, 586, 6
83314, 12197, 989, 6
83320, 12197, 1431, 6
83337, 12197, 220, 4
83344, 17144, 467, 1
83344, 17144, 1184, 0
83378, 17144, 1336, 6
83403, 17144, 443, 7
83408, 17144, 822, 7
83430, 17144, 1157, 1
83468, 17144, 1439, 3
83517, 19388, 586, 7
83521, 19388, 822, 8
83554, 19388, 936, 6
83580, 19388, 822, 4
83596, 19388, 157, 0
83608, 19388, 1643, 3
83654, 19388, 336, 4
83687, 970, 1439, 9
83710, 970, 49, 6
83734, 970, 162, 9
83763, 970, 822, 7
83796, 970, 1714, 0
83842, 970, 467, 7
83888, 970, 136, 5
83909, 1363, 894, 3
83933, 1363, 776, 5
83948, 1363, 251, 4
83997, 1363, 681, 0
84004, 1363, 132, 0
84013, 1363, 1714, 3
84019, 5225, 1529, 9
84037, 5225, 336, 0
84085, 5225, 535, 9
84090, 5225, 1030, 7
84103, 5225, 817, 3
84108, 7720, 535, 5
84144, 7720, 1680, 9
84175, 7720, 894, 9
84175, 7720, 294, 7
84208, 7720, 1487, 3
84217, 11783, 1434, 5
84262, 11783, 1120, 3
84293, 13489, 1231, 8
84304, 13489, 443, 0
84335, 13489, 220, 0
84346, 13489, 1564, 6
84394, 13489, 1431, 5
84421, 13489, 91, 7
84452, 13489, 1680, 9
84474, 14039, 467, 4
84492, 13926, 513, 0
84498, 13926, 1030, 8
84507, 13926, 936, 2
84552, 13926, 1003, 2
84554, 13926, 1529, 2
84586, 13926, 157, 3
84604, 9502, 429, 7
84648, 9502, 1022, 1
84691, 9502, 473, 6
84728, 1093, 1596, 2
84734, 1093, 1157, 7
84764, 1093, 1143, 1
84788, 1093, 1095, 8
84798, 1093, 1231, 7
84845, 18847, 1143, 9
84875, 18847, 1304, 7
84909, 18847, 1030, 8
84932, 18847, 1529, 2
84974, 18847, 1596, 5
85003, 18847, 226, 1
85042, 21941, 807, 5
85084, 21941, 251, 3
85125, 4986, 513, 8
85167, 4986, 189, 5
85215, 4986, 429, 9
85233, 4986, 1304, 2
85263, 4986, 776, 9
85310, 4986, 1529, 5
85322, 4986, 188, 5
85333, 16193, 1487, 7
85378, 16193, 936, 8
85412, 16193, 817, 5
85432, 13648, 1184, 9
85464, 13648, 1279, 8
85475, 13648, 728, 3
85482, 9757, 189, 9
85515, 9757, 1003, 9
85545, 9757, 1714, 1
85585, 9757, 1446, 4
85608, 9757, 822, 5
85608, 21128, 251, 3
85611, 21128, 1095, 8
85655, 21128, 189, 5
85683, 21214, 635, 5
85686, 21214, 989, 5
85728, 21214, 476, 6
85758, 21214, 586, 9
85797, 21214, 1157, 4
85827, 21437, 936, 8
85875, 21520, 942, 6
85889, 21520, 1596, 9
85929, 21520, 189, 7
85961, 21520, 1643, 7
85962, 21520, 728, 2
86010, 21520, 447, 3
86051, 21838, 1003, 4
86091, 21838, 1030, 9
86093, 21838, 1143, 9
86131, 21838, 1143, 0
86141, 816, 942, 5
86162, 816, 91, 5
86176, 816, 188, 5
86202, 816, 1143, 3
86214, 816, 1355, 6
86240, 379, 1643, 6
86263, 379, 49, 3
86285, 11882, 1431, 0
86304, 11882, 1355, 5
86347, 17191, 936, 1
86375, 17191, 1680, 4
86415, 17191, 415, 5
86458, 17191, 1143, 8
86499, 17191, 429, 7
86500, 20430, 467, 8
86540, 20430, 1434, 5
86552, 20430, 49, 7
86564, 20430, 1041, 3
86591, 20430, 1116, 1
86620, 20430, 226, 4
86628, 9377, 681, 8
86664, 9377, 942, 8
86707, 9377, 1431, 2
86722, 9377, 549, 5
86770, 9377, 1143, 1
86773, 3134, 226, 6
86781, 3134, 415, 7
86782, 7769, 476, 3
86825, 7769, 1003, 4
86872, 2013, 443, 7
86912, 2013, 807, 7
86961, 2013, 894, 6
86986, 2013, 467, 5
87001, 2013, 1529, 8
87046, 2013, 1431, 4
87057, 13228, 1680, 0
87070, 13228, 1231, 7
87075, 13228, 974, 2
87117, 19391, 1022, 1
87166, 19391, 383, 5
87167, 19391, 473, 1
87174, 19391, 188, 3
87205, 19391, 817, 0
87242, 19391, 1439, 4
87283, 19391, 1714, 6
87315, 23328, 220, 3
87325, 23328, 1439, 4
87330, 23328, 1273, 1
87350, 8321, 1336, 9
87389, 8321, 1095, 2
87401, 8321, 415, 5
87404, 21763, 822, 8
87405, 21763, 443, 6
87417, 21763, 549, 5
87418, 21763, 822, 9
87446, 21763, 1564, 6
87464, 21763, 1714, 3
87503, 21763, 894, 7
87530, 16528, 157, 0
87553, 13505, 1564, 6
87596, 13505, 1431, 5
87598, 13505, 1304, 4
87623, 13505, 1643, 3
87637, 13505, 1095, 8
87647, 4576, 220, 8
87690, 4576, 513, 6
87713, 4576, 1529, 3
87725, 4576, 681, 9
87728, 4576, 1079, 0
87748, 4576, 1355, 5
87797, 4576, 817, 6
87805, 16871, 1487, 9
87845, 16871, 1143, 8
87865, 16871, 549, 5
87893, 16871, 1003, 7
87936, 16871, 1355, 8
87973, 9536, 1304, 4
88018, 9536, 1680, 6
88057, 10100, 1231, 0
88085, 10100, 1095, 7
88093, 10100, 1643, 8
88126, 10100, 1305, 5
88141, 10100, 974, 7
88156, 7422, 1120, 9
88179, 7422, 473, 1
88190, 7422, 1095, 4
88221, 7422, 1355, 3
88264, 7422, 443, 3
88290, 7422, 220, 1
88312, 24073, 1564, 7
88336, 24073, 807, 3
88377, 24073, 1231, 9
88403, 24073, 49, 0
88423, 10712, 476, 0
88455, 10712, 1079, 6
88462, 10712, 1596, 7
88487, 14105, 728, 0
88497, 14105, 817, 8
88538, 14105, 822, 7
88546, 14105, 429, 3
88567, 3436, 549, 4
88614, 3436, 1116, 7
88626, 3436, 1116, 4
88673, 3436, 974, 0
88680, 15582, 1355, 9
88717, 15582, 1041, 6
88725, 15582, 1446, 1
88772, 15582, 549, 8
88806, 15582, 1564, 9
88833, 15582, 535, 0
88841, 22779, 1434, 8
88878, 22779, 1116, 2
88884, 22779, 473, 9
88922, 23163, 1079, 5
88948, 23163, 1336, 2
88994, 23163, 1022, 0
89022, 23163, 864, 7
89029, 23163, 1529, 8
89047, 23163, 989, 1
89094, 3019, 188, 2
89104, 3019, 894, 3
89150, 3019, 822, 0
89166, 3019, 1643, 3
89184, 3019, 467, 3
89193, 3019, 1120, 2
89214, 3019, 294, 5
89250, 18751, 822, 2
89299, 18751, 936, 8
89318, 18751, 817, 1
89345, 18751, 1184, 2
89359, 18751, 1355, 2
89384, 18751, 473, 8
89433, 15547, 1596, 9
89479, 15547, 415, 4
89492, 15547, 1431, 5
89515, 15547, 473, 5
89520, 22871, 1714, 1
89520, 22871, 1487, 9
89552, 21952, 776, 9
89553, 21952, 1030, 9
89565, 21952, 1529, 7
89588, 21952, 473, 4
89614, 21952, 189, 9
89635, 21952, 157, 4
89667, 21952, 1564, 0
89712, 11577, 776, 3
89758, 11577, 1041, 1
89760, 17785, 942, 1
89793, 17785, 635, 6
89832, 17785, 336, 1
89841, 17785, 1095, 6
89887, 5222, 1120, 4
89895, 14391, 1393, 9
89933, 14391, 443, 7
89934, 14391, 1305, 4
89978, 14391, 383, 6
89995, 14391, 226, 1
90028, 14391, 817, 9
90050, 3513, 728, 2
90065, 18128, 822, 4
90097, 18128, 1446, 9
90131, 18128, 894, 9
90151, 18128, 1273, 1
90196, 18128, 1355, 9
90244, 18128, 447, 6
90285, 18128, 49, 6
90286, 18788, 1116, 4
90306, 18788, 1273, 6
90346, 18788, 336, 1
90353, 18788, 1434, 3
90400, 18788, 1143, 4
90413, 12847, 894, 1
90456, 12847, 1355, 7
90484, 12847, 91, 2
90503, 12847, 1561, 9
90540, 12847, 1273, 4
90542, 12847, 1304, 3
90565, 12847, 1079, 6
90610, 10993, 383, 8
90641, 10993, 1643, 8
90646, 17195, 1460, 1
90686, 17195, 336, 7
90706, 17195, 936, 8
90748, 17195, 467, 0
90764, 17195, 1116, 4
90765, 18995, 776, 7
90793, 18995, 1434, 3
90820, 18995, 1030, 6
90837, 10382, 251, 9
90876, 10382, 1003, 9
90912, 10382, 447, 9
90912, 10382, 1305, 3
90944, 10382, 383, 9
90949, 10382, 383, 2
90979, 10382, 1273, 4
90990, 11242, 467, 6
91020, 11242, 1184, 2
91065, 11242, 1643, 4
91112, 11242, 586, 7
91126, 11242, 1022, 1
91128, 13571, 1305, 5
91150, 13571, 513, 8
91199, 1801, 974, 3
91246, 1801, 336, 0
91247, 1801, 1643, 4
91260, 1801, 681, 0
91306, 20691, 1157, 5
91331, 20691, 226, 5
91348, 20691, 807, 9
91379, 20691, 1487, 0
91412, 20691, 936, 4
91450, 23467, 535, 3
91480, 23467, 1336, 4
91497, 23467, 1003, 9
91534, 23467, 1305, 8
91582, 23467, 443, 4
91583, 23467, 989, 5
91603, 23467, 162, 5
91603, 18087, 864, 9
91639, 17304, 226, 6
91685, 17304, 1355, 5
91719, 17304, 1439, 0
91742, 19627, 1487, 2
91770, 19627, 251, 0
91787, 19627, 473, 9
91808, 19627, 1434, 8
91844, 19627, 1184, 0
91889, 13849, 1596, 1
91902, 13849, 1460, 4
91908, 9790, 429, 3
91921, 9790, 942, 6
91947, 9790, 1439, 9
91990, 9790, 189, 6
92002, 9790, 162, 8
92031, 9790, 1680, 7
92049, 9790, 1714, 2
92089, 4387, 1596, 4
92126, 4387, 1279, 5
92146, 4387, 251, 7
92148, 13676, 415, 7
92181, 13676, 415, 2
92187, 13676, 1680, 5
92233, 13676, 251, 4
92249, 13676, 429, 6
92287, 13676, 1431, 2
92334, 13676, 894, 5
92380, 5476, 162, 1
92405, 5476, 447, 8
92432, 5476, 1041, 9
92460, 5476, 535, 1
92491, 5476, 1143, 6
92521, 5476, 635, 1
92549, 13338, 1487, 3
92579, 13338, 1680, 1
92605, 13338, 1095, 8
92624, 3647, 1336, 0
92636, 3647, 974, 8
92656, 3647, 136, 7
92702, 3647, 188, 3
92748, 3647, 1460, 2
92767, 3647, 443, 3
92808, 3647, 294, 2
92828, 7448, 429, 7
92836, 7448, 1431, 2
92840, 7448, 189, 3
92856, 7448, 635, 0
92904, 7448, 1305, 5
92905, 7448, 189, 4
92926, 7448, 162, 2
92926, 14754, 817, 3
92949, 14754, 1143, 6
92953, 14754, 1460, 3
92986, 14754, 1305, 9
93004, 6109, 1304, 8
93053, 18280, 1561, 5
93094, 3816, 1393, 4
93115, 3816, 1460, 1
93156, 3816, 1030, 9
93185, 24224, 1439, 0
93210, 24224, 1305, 9
93224, 24224, 251, 5
93240, 24224, 989, 1
93289, 24224, 1564, 1
93320, 24224, 1714, 8
93327, 24224, 1231, 2
93334, 20315, 1529, 6
93377, 20315, 989, 5
93426, 20315, 989, 8
93473, 19607, 136, 6
93488, 19607, 807, 1
93499, 19607, 535, 9
93519, 19607, 467, 2
93556, 19607, 443, 2
93605, 19607, 189, 9
93639, 2104, 336, 1
93679, 2104, 473, 5
93702, 2104, 1434, 3
93708, 2104, 728, 2
93730, 22055, 1143, 5
93778, 22055, 807, 3
93783, 22055, 383, 1
93784, 22055, 1446, 0
93807, 22055, 807, 0
93842, 22055, 1273, 6
93852, 15210, 447, 7
93884, 15210, 383, 4
93920, 15210, 1564, 9
93926, 15210, 936, 8
93939, 15210, 1120, 5
93944, 15210, 476, 4
93958, 15210, 1231, 3
93998, 3718, 942, 0
94016, 3718, 635, 4
94037, 2, 513, 2
94068, 2, 1022, 1
94096, 2, 1529, 5
94105, 2, 549, 7
94151, 2, 1304, 7
94189, 2, 336, 4
94197, 2, 1273, 1
94230, 12528, 136, 0
94245, 12528, 443, 0
94281, 12528, 136, 5
94285, 12695, 1564, 1
94304, 12695, 473, 2
94325, 9871, 1184, 8
94372, 9871, 157, 3
94378, 9871, 1157, 6
94408, 9871, 188, 1
94408, 9871, 1596, 4
94408, 18336, 513, 5
94447, 18336, 162, 5
94474, 18336, 936, 9
94523, 12374, 586, 0
94534, 12374, 535, 8
94576, 12374, 942, 6
94595, 12374, 1680, 7
94609, 12374, 162, 3
94626, 12374, 1003, 9
94674, 500, 1460, 8
94722, 500, 294, 5
94755, 500, 91, 3
94794, 500, 1336, 7
94827, 500, 894, 0
94855, 500, 1003, 6
94898, 500, 1564, 0
94923, 10243, 728, 2
94932, 10243, 476, 9
94960, 10243, 157, 5
94967, 2357, 336, 1
94982, 2357, 467, 6
95021, 2357, 1079, 8
95065, 2357, 1304, 0
95105, 2357, 728, 6
95152, 2127, 251, 4
95191, 2127, 864, 0
95220, 2127, 974, 2
95246, 2127, 1003, 6
95293, 2127, 1680, 2
95315, 2127, 1434, 3
95362, 9196, 1487, 3
95390, 20241, 936, 6
95407, 9866, 1529, 3
95450, 9866, 49, 3
95491, 9866, 1143, 5
95496, 9866, 936, 3
95515, 9866, 894, 4
95552, 15591, 157, 1
95575, 15591, 1279, 5
95595, 15591, 1431, 9
95620, 15591, 1460, 3
95644, 2962, 936, 2
95690, 2962, 447, 4
95690, 2962, 415, 7
95738, 7460, 1680, 5
95783, 7460, 132, 8
95787, 7460, 1030, 3
95821, 7460, 1355, 1
95826, 14433, 467, 0
95871, 14433, 447, 0
95906, 14433, 989, 5
95928, 5686, 294, 1
95929, 5686, 1643, 8
95956, 5686, 1030, 3
95988, 10957, 1529, 2
95989, 10957, 443, 8
96025, 10957, 1157, 2
96048, 10957, 1030, 8
96050, 1152, 1336, 4
96096, 21795, 162, 4
96109, 21795, 1079, 0
96113, 21795, 136, 5
96138, 21795, 776, 1
96162, 5075, 989, 0
96192, 5075, 1680, 9
96225, 5075, 1643, 1
96251, 5075, 1143, 5
96295, 5075, 635, 6
96303, 21882, 336, 2
96338, 21882, 1680, 7
96384, 21882, 635, 7
96430, 21882, 1439, 0
96455, 18432, 473, 7
96481, 18432, 1003, 3
96511, 18432, 1143, 4
96513, 18432, 1714, 5
96548, 18432, 226, 1
96551, 18432, 1643, 1
96582, 20810, 822, 3
96598, 20810, 251, 7
96603, 16635, 1079, 5
96650, 11068, 817, 4
96652, 11068, 817, 4
96653, 4675, 1143, 2
96653, 10915, 336, 7
96658, 10915, 136, 4
96707, 11202, 1434, 2
96743, 11202, 189, 6
96782, 11202, 1184, 9
96808, 11202, 220, 4
96854, 11202, 728, 7
96882, 11202, 189, 8
96895, 11202, 942, 1
96920, 20084, 1596, 3
96948, 20084, 415, 4
96970, 20084, 447, 3
97016, 20442, 1714, 8
97019, 20442, 894, 2
97067, 20442, 635, 2
97116, 20442, 220, 1
97120, 20442, 1273, 8
97148, 20442, 681, 7
97159, 3438, 807, 8
97174, 18176, 681, 5
97214, 5413, 383, 7
97252, 7311, 1431, 2
97286, 7311, 1393, 5
97333, 7311, 1460, 2
97342, 7311, 1041, 4
97356, 7311, 549, 7
97373, 7311, 1393, 1
97401, 7311, 1304, 5
97432, 6841, 226, 0
97432, 6841, 894, 1
97459, 6841, 1030, 2
97468, 6841, 447, 8
97514, 2966, 728, 5
97515, 2966, 476, 3
97548, 2966, 936, 4
97585, 2966, 226, 0
97593, 7518, 1041, 7
97601, 7518, 1439, 9
97629, 7518, 1279, 9
97631, 7518, 1304, 7
97674, 7518, 415, 4
97707, 5581, 132, 3
97738, 5581, 1714, 7
97776, 5581, 822, 0
97784, 5581, 162, 4
97799, 5581, 415, 1
97829, 5581, 1336, 2
97839, 5581, 467, 1
97861, 20404, 1157, 3
97877, 20404, 1095, 1
97907, 20404, 535, 9
97920, 20404, 817, 5
97938, 20404, 415, 7
97985, 20404, 467, 1
97996, 19240, 1003, 0
98020, 19240, 91, 6
98029, 19240, 189, 4
98053, 19240, 443, 2
98097, 19240, 136, 1
98109, 19240, 383, 0
98125, 19240, 1304, 3
98166, 21726, 1564, 3
98198, 21726, 1030, 0
98212, 21726, 942, 9
98218, 21726, 1460, 0
98258, 21726, 220, 0
98295, 21726, 1279, 9
98304, 8286, 894, 7
98307, 8286, 189, 4
98346, 8286, 189, 5
98392, 8286, 513, 1
98419, 8286, 49, 7
98431, 8286, 1564, 9
98451, 6629, 1564, 6
98488, 6629, 1431, 6
98527, 6629, 220, 2
98565, 22249, 1079, 5
98579, 22249, 1279, 1
98606, 22249, 989, 4
98615, 22249, 728, 5
98643, 22249, 776, 7
98676, 22249, 1030, 4
98678, 22249, 251, 5
98701, 9788, 1393, 3
98711, 9788, 864, 0
98711, 9788, 936, 9
98742, 14766, 513, 7
98784, 14766, 162, 9
98823, 14766, 1120, 1
98844, 14766, 635, 7
98866, 14766, 429, 1
98874, 14766, 91, 2
98892, 12699, 336, 2
98893, 12699, 1439, 6
98935, 12699, 989, 5
98960, 12699, 132, 9
98982, 12699, 476, 8
99016, 15563, 864, 0
99036, 15563, 220, 8
99040, 15563, 136, 5
99069, 15563, 1446, 4
99113, 15563, 189, 7
99141, 18719, 513, 3
99152, 18719, 1431, 1
99192, 18719, 447, 8
99223, 5770, 1116, 0
99225, 5770, 1487, 8
99229, 21995, 776, 8
99240, 21995, 1336, 2
99285, 21995, 1120, 7
99299, 21995, 1143, 5
99327, 21995, 807, 4
99330, 21995, 1460, 2
99340, 21995, 1393, 8
99373, 17878, 189, 5
99397, 17878, 1279, 6
99417, 20502, 1030, 7
99428, 20502, 513, 9
99446, 20502, 336, 2
99462, 20502, 1304, 9
99471, 20502, 1022, 4
99516, 20502, 1022, 7
99529, 8139, 1393, 4
99571, 4974, 132, 6
99572, 330, 1431, 6
99591, 330, 226, 3
